{
    "version": "0.4",
    "title": "Appoinment-Section-Metform",
    "type": "section",
    "metadata": {
        "template_type": "section-contact",
        "include_in_zip": "1",
        "elementor_pro_required": null,
        "wp_page_template": "elementor_canvas"
    },
    "content": [
        {
            "id": "6e0b49dc",
            "settings": {
                "gap": "no",
                "background_background": "classic",
                "background_color": "#ffffff",
                "border_radius": {
                    "unit": "px",
                    "top": "0",
                    "right": "0",
                    "bottom": "0",
                    "left": "0",
                    "isLinked": true
                },
                "box_shadow_box_shadow": {
                    "horizontal": 30,
                    "vertical": 30,
                    "blur": 80,
                    "spread": 0,
                    "color": "rgba(0,0,0,0.1)"
                },
                "padding": {
                    "unit": "px",
                    "top": "32",
                    "right": "35",
                    "bottom": "15",
                    "left": "35",
                    "isLinked": false
                },
                "padding_tablet": {
                    "unit": "px",
                    "top": "35",
                    "right": "15",
                    "bottom": "35",
                    "left": "15",
                    "isLinked": false
                }
            },
            "elements": [
                {
                    "id": "5c7da6b9",
                    "settings": {
                        "_column_size": 100
                    },
                    "elements": [
                        {
                            "id": "1cbe7b4b",
                            "settings": {
                                "gap": "extended",
                                "structure": "20",
                                "padding_mobile": {
                                    "unit": "px",
                                    "top": "0",
                                    "right": "0",
                                    "bottom": "0",
                                    "left": "0",
                                    "isLinked": false
                                }
                            },
                            "elements": [
                                {
                                    "id": "6b8076b3",
                                    "settings": {
                                        "_column_size": 50,
                                        "_inline_size": null,
                                        "padding_mobile": {
                                            "unit": "px",
                                            "top": "0",
                                            "right": "0",
                                            "bottom": "0",
                                            "left": "0",
                                            "isLinked": false
                                        }
                                    },
                                    "elements": [
                                        {
                                            "id": "15bc085",
                                            "settings": {
                                                "mf_input_label": "First Name",
                                                "mf_input_name": "mf-first-name",
                                                "mf_input_placeholder": "Your frist name",
                                                "mf_input_min_length": 1,
                                                "mf_input_label_color": "#101010",
                                                "mf_input_label_margin": {
                                                    "unit": "px",
                                                    "top": "0",
                                                    "right": "0",
                                                    "bottom": "5",
                                                    "left": "0",
                                                    "isLinked": false
                                                },
                                                "mf_input_padding": {
                                                    "unit": "px",
                                                    "top": "15",
                                                    "right": "25",
                                                    "bottom": "15",
                                                    "left": "25",
                                                    "isLinked": false
                                                },
                                                "mf_input_border_border": "solid",
                                                "mf_input_border_width": {
                                                    "unit": "px",
                                                    "top": "1",
                                                    "right": "1",
                                                    "bottom": "1",
                                                    "left": "1",
                                                    "isLinked": true
                                                },
                                                "mf_input_border_color": "#ededed",
                                                "mf_input_box_shadow_box_shadow": {
                                                    "horizontal": 0,
                                                    "vertical": 3,
                                                    "blur": 5,
                                                    "spread": 0,
                                                    "color": "rgba(0,0,0,0.05)"
                                                },
                                                "mf_input_place_holder_typography_typography": "custom",
                                                "mf_input_place_holder_typography_font_family": "Helvetica",
                                                "mf_input_place_holder_typography_font_weight": "400",
                                                "mf_input_placeholder_color": "#999999",
                                                "mf_input_help_text_typography_typography": "custom",
                                                "mf_input_help_text_typography_font_family": "Helvetica",
                                                "mf_input_help_text_typography_font_size": {
                                                    "unit": "px",
                                                    "size": 12,
                                                    "sizes": []
                                                },
                                                "mf_input_help_text_typography_font_weight": "400",
                                                "mf_input_help_text_typography_font_style": "italic",
                                                "mf_input_help_text_typography_line_height": {
                                                    "unit": "px",
                                                    "size": 14,
                                                    "sizes": []
                                                },
                                                "mf_input_help_text_padding": {
                                                    "unit": "px",
                                                    "top": "3",
                                                    "right": "0",
                                                    "bottom": "0",
                                                    "left": "0",
                                                    "isLinked": false
                                                },
                                                "mf_input_required": "yes",
                                                "mf_input_validation_warning_message": "This field is required.",
                                                "mf_input_required_indicator_color": "#FF0000",
                                                "mf_input_help_text_color": "#555555",
                                                "mf_input_background_background": "classic",
                                                "__globals__": {
                                                    "mf_input_background_color": "globals\/colors?id=495d27d",
                                                    "mf_input_color": "globals\/colors?id=primary",
                                                    "mf_input_color_hover": "globals\/colors?id=primary",
                                                    "mf_input_color_focus": "globals\/colors?id=primary",
                                                    "mf_input_label_typography_typography": "globals\/typography?id=0d5e945",
                                                    "mf_input_warning_text_typography_typography": "globals\/typography?id=text",
                                                    "mf_input_typgraphy_typography": "globals\/typography?id=text"
                                                }
                                            },
                                            "elements": [],
                                            "isInner": false,
                                            "widgetType": "mf-text",
                                            "elType": "widget"
                                        }
                                    ],
                                    "isInner": true,
                                    "elType": "column"
                                },
                                {
                                    "id": "28fa0257",
                                    "settings": {
                                        "_column_size": 50,
                                        "_inline_size": null,
                                        "padding_mobile": {
                                            "unit": "px",
                                            "top": "20",
                                            "right": "0",
                                            "bottom": "0",
                                            "left": "0",
                                            "isLinked": false
                                        }
                                    },
                                    "elements": [
                                        {
                                            "id": "3a1d947f",
                                            "settings": {
                                                "mf_input_label": "Last Name",
                                                "mf_input_name": "mf-last-name",
                                                "mf_input_placeholder": "Your last name",
                                                "mf_input_label_color": "#101010",
                                                "mf_input_label_margin": {
                                                    "unit": "px",
                                                    "top": "0",
                                                    "right": "0",
                                                    "bottom": "5",
                                                    "left": "0",
                                                    "isLinked": false
                                                },
                                                "mf_input_padding": {
                                                    "unit": "px",
                                                    "top": "15",
                                                    "right": "25",
                                                    "bottom": "15",
                                                    "left": "25",
                                                    "isLinked": false
                                                },
                                                "mf_input_border_border": "solid",
                                                "mf_input_border_width": {
                                                    "unit": "px",
                                                    "top": "1",
                                                    "right": "1",
                                                    "bottom": "1",
                                                    "left": "1",
                                                    "isLinked": true
                                                },
                                                "mf_input_border_color": "#ededed",
                                                "mf_input_box_shadow_box_shadow": {
                                                    "horizontal": 0,
                                                    "vertical": 3,
                                                    "blur": 5,
                                                    "spread": 0,
                                                    "color": "rgba(0,0,0,0.05)"
                                                },
                                                "mf_input_place_holder_typography_typography": "custom",
                                                "mf_input_place_holder_typography_font_family": "Helvetica",
                                                "mf_input_place_holder_typography_font_weight": "400",
                                                "mf_input_placeholder_color": "#999999",
                                                "mf_input_help_text_typography_typography": "custom",
                                                "mf_input_help_text_typography_font_family": "Helvetica",
                                                "mf_input_help_text_typography_font_size": {
                                                    "unit": "px",
                                                    "size": 12,
                                                    "sizes": []
                                                },
                                                "mf_input_help_text_typography_font_weight": "400",
                                                "mf_input_help_text_typography_font_style": "italic",
                                                "mf_input_help_text_typography_line_height": {
                                                    "unit": "px",
                                                    "size": 14,
                                                    "sizes": []
                                                },
                                                "mf_input_help_text_padding": {
                                                    "unit": "px",
                                                    "top": "3",
                                                    "right": "0",
                                                    "bottom": "0",
                                                    "left": "0",
                                                    "isLinked": false
                                                },
                                                "mf_input_required": "yes",
                                                "mf_input_validation_warning_message": "This field is required.",
                                                "mf_input_required_indicator_color": "#FF0000",
                                                "mf_input_help_text_color": "#555555",
                                                "mf_input_background_background": "classic",
                                                "__globals__": {
                                                    "mf_input_background_color": "globals\/colors?id=495d27d",
                                                    "mf_input_color": "globals\/colors?id=primary",
                                                    "mf_input_color_hover": "globals\/colors?id=primary",
                                                    "mf_input_color_focus": "globals\/colors?id=primary",
                                                    "mf_input_label_typography_typography": "globals\/typography?id=0d5e945",
                                                    "mf_input_warning_text_typography_typography": "globals\/typography?id=text",
                                                    "mf_input_typgraphy_typography": "globals\/typography?id=text"
                                                }
                                            },
                                            "elements": [],
                                            "isInner": false,
                                            "widgetType": "mf-text",
                                            "elType": "widget"
                                        }
                                    ],
                                    "isInner": true,
                                    "elType": "column"
                                }
                            ],
                            "isInner": true,
                            "elType": "section"
                        },
                        {
                            "id": "79afe73d",
                            "settings": {
                                "gap": "extended",
                                "structure": "20"
                            },
                            "elements": [
                                {
                                    "id": "271055e7",
                                    "settings": {
                                        "_column_size": 50,
                                        "_inline_size": null,
                                        "margin": {
                                            "unit": "px",
                                            "top": "7",
                                            "right": "0",
                                            "bottom": "0",
                                            "left": "0",
                                            "isLinked": false
                                        },
                                        "padding_mobile": {
                                            "unit": "px",
                                            "top": "20",
                                            "right": "0",
                                            "bottom": "0",
                                            "left": "0",
                                            "isLinked": false
                                        }
                                    },
                                    "elements": [
                                        {
                                            "id": "45536c1c",
                                            "settings": {
                                                "mf_input_label": "Email Address",
                                                "mf_input_name": "mf-email",
                                                "mf_input_placeholder": "Your email address",
                                                "mf_input_required": "yes",
                                                "mf_input_label_color": "#101010",
                                                "mf_input_label_margin": {
                                                    "unit": "px",
                                                    "top": "0",
                                                    "right": "0",
                                                    "bottom": "5",
                                                    "left": "0",
                                                    "isLinked": false
                                                },
                                                "mf_input_padding": {
                                                    "unit": "px",
                                                    "top": "15",
                                                    "right": "25",
                                                    "bottom": "15",
                                                    "left": "25",
                                                    "isLinked": false
                                                },
                                                "mf_input_border_border": "solid",
                                                "mf_input_border_width": {
                                                    "unit": "px",
                                                    "top": "1",
                                                    "right": "1",
                                                    "bottom": "1",
                                                    "left": "1",
                                                    "isLinked": true
                                                },
                                                "mf_input_border_color": "#ededed",
                                                "mf_input_box_shadow_box_shadow": {
                                                    "horizontal": 0,
                                                    "vertical": 3,
                                                    "blur": 5,
                                                    "spread": 0,
                                                    "color": "rgba(0,0,0,0.05)"
                                                },
                                                "mf_input_place_holder_typography_typography": "custom",
                                                "mf_input_place_holder_typography_font_family": "Helvetica",
                                                "mf_input_place_holder_typography_font_weight": "400",
                                                "mf_input_placeholder_color": "#999999",
                                                "mf_input_help_text_typography_typography": "custom",
                                                "mf_input_help_text_typography_font_family": "Helvetica",
                                                "mf_input_help_text_typography_font_size": {
                                                    "unit": "px",
                                                    "size": 12,
                                                    "sizes": []
                                                },
                                                "mf_input_help_text_typography_font_weight": "400",
                                                "mf_input_help_text_typography_font_style": "italic",
                                                "mf_input_help_text_typography_line_height": {
                                                    "unit": "px",
                                                    "size": 14,
                                                    "sizes": []
                                                },
                                                "mf_input_help_text_padding": {
                                                    "unit": "px",
                                                    "top": "3",
                                                    "right": "0",
                                                    "bottom": "0",
                                                    "left": "0",
                                                    "isLinked": false
                                                },
                                                "mf_input_validation_warning_message": "This field is required.",
                                                "mf_input_required_indicator_color": "#FF0000",
                                                "mf_input_help_text_color": "#555555",
                                                "mf_input_background_background": "classic",
                                                "__globals__": {
                                                    "mf_input_background_color": "globals\/colors?id=495d27d",
                                                    "mf_input_color": "globals\/colors?id=primary",
                                                    "mf_input_color_hover": "globals\/colors?id=primary",
                                                    "mf_input_color_focus": "globals\/colors?id=primary",
                                                    "mf_input_label_typography_typography": "globals\/typography?id=0d5e945",
                                                    "mf_input_warning_text_typography_typography": "globals\/typography?id=text",
                                                    "mf_input_typgraphy_typography": "globals\/typography?id=text"
                                                }
                                            },
                                            "elements": [],
                                            "isInner": false,
                                            "widgetType": "mf-email",
                                            "elType": "widget"
                                        }
                                    ],
                                    "isInner": true,
                                    "elType": "column"
                                },
                                {
                                    "id": "f9bd7b3",
                                    "settings": {
                                        "_column_size": 50,
                                        "_inline_size": null,
                                        "margin": {
                                            "unit": "px",
                                            "top": "7",
                                            "right": "0",
                                            "bottom": "0",
                                            "left": "0",
                                            "isLinked": false
                                        },
                                        "padding_mobile": {
                                            "unit": "px",
                                            "top": "20",
                                            "right": "0",
                                            "bottom": "0",
                                            "left": "0",
                                            "isLinked": false
                                        }
                                    },
                                    "elements": [
                                        {
                                            "id": "57cf7237",
                                            "settings": {
                                                "mf_input_label": "Telephone",
                                                "mf_input_name": "mf-telephone",
                                                "mf_input_placeholder": "Your phone numbers",
                                                "mf_input_validation_warning_message": "This field is required.",
                                                "mf_input_label_color": "#101010",
                                                "mf_input_label_margin": {
                                                    "unit": "px",
                                                    "top": "0",
                                                    "right": "0",
                                                    "bottom": "5",
                                                    "left": "0",
                                                    "isLinked": false
                                                },
                                                "mf_input_required_indicator_color": "#FF0000",
                                                "mf_input_padding": {
                                                    "unit": "px",
                                                    "top": "15",
                                                    "right": "25",
                                                    "bottom": "15",
                                                    "left": "25",
                                                    "isLinked": false
                                                },
                                                "mf_input_background_background": "classic",
                                                "mf_input_border_border": "solid",
                                                "mf_input_border_width": {
                                                    "unit": "px",
                                                    "top": "1",
                                                    "right": "1",
                                                    "bottom": "1",
                                                    "left": "1",
                                                    "isLinked": true
                                                },
                                                "mf_input_border_color": "#ededed",
                                                "mf_input_box_shadow_box_shadow": {
                                                    "horizontal": 0,
                                                    "vertical": 3,
                                                    "blur": 5,
                                                    "spread": 0,
                                                    "color": "rgba(0,0,0,0.05)"
                                                },
                                                "mf_input_place_holder_typography_typography": "custom",
                                                "mf_input_place_holder_typography_font_family": "Helvetica",
                                                "mf_input_place_holder_typography_font_weight": "400",
                                                "mf_input_placeholder_color": "#999999",
                                                "mf_input_help_text_typography_typography": "custom",
                                                "mf_input_help_text_typography_font_family": "Helvetica",
                                                "mf_input_help_text_typography_font_size": {
                                                    "unit": "px",
                                                    "size": 12,
                                                    "sizes": []
                                                },
                                                "mf_input_help_text_typography_font_weight": "400",
                                                "mf_input_help_text_typography_font_style": "italic",
                                                "mf_input_help_text_typography_line_height": {
                                                    "unit": "px",
                                                    "size": 14,
                                                    "sizes": []
                                                },
                                                "mf_input_help_text_color": "#555555",
                                                "mf_input_help_text_padding": {
                                                    "unit": "px",
                                                    "top": "3",
                                                    "right": "0",
                                                    "bottom": "0",
                                                    "left": "0",
                                                    "isLinked": false
                                                },
                                                "__globals__": {
                                                    "mf_input_background_color": "globals\/colors?id=495d27d",
                                                    "mf_input_color": "globals\/colors?id=primary",
                                                    "mf_input_color_hover": "globals\/colors?id=primary",
                                                    "mf_input_color_focus": "globals\/colors?id=primary",
                                                    "mf_input_label_typography_typography": "globals\/typography?id=0d5e945",
                                                    "mf_input_warning_text_typography_typography": "globals\/typography?id=text",
                                                    "mf_input_typgraphy_typography": "globals\/typography?id=text"
                                                }
                                            },
                                            "elements": [],
                                            "isInner": false,
                                            "widgetType": "mf-telephone",
                                            "elType": "widget"
                                        }
                                    ],
                                    "isInner": true,
                                    "elType": "column"
                                }
                            ],
                            "isInner": true,
                            "elType": "section"
                        },
                        {
                            "id": "3b25d63e",
                            "settings": {
                                "gap": "extended",
                                "structure": "20"
                            },
                            "elements": [
                                {
                                    "id": "2d86bc29",
                                    "settings": {
                                        "_column_size": 50,
                                        "_inline_size": null,
                                        "margin": {
                                            "unit": "px",
                                            "top": "7",
                                            "right": "0",
                                            "bottom": "0",
                                            "left": "0",
                                            "isLinked": false
                                        },
                                        "padding_mobile": {
                                            "unit": "px",
                                            "top": "20",
                                            "right": "0",
                                            "bottom": "0",
                                            "left": "0",
                                            "isLinked": false
                                        }
                                    },
                                    "elements": [
                                        {
                                            "id": "7976019f",
                                            "settings": {
                                                "mf_input_label": "Zip Code",
                                                "mf_input_name": "mf-number",
                                                "mf_input_placeholder": "Your zip code",
                                                "mf_input_validation_warning_message": "This field is required.",
                                                "mf_input_label_color": "#101010",
                                                "mf_input_label_margin": {
                                                    "unit": "px",
                                                    "top": "0",
                                                    "right": "0",
                                                    "bottom": "5",
                                                    "left": "0",
                                                    "isLinked": false
                                                },
                                                "mf_input_required_indicator_color": "#FF0000",
                                                "mf_input_padding": {
                                                    "unit": "px",
                                                    "top": "15",
                                                    "right": "25",
                                                    "bottom": "15",
                                                    "left": "25",
                                                    "isLinked": false
                                                },
                                                "mf_input_background_background": "classic",
                                                "mf_input_border_border": "solid",
                                                "mf_input_border_width": {
                                                    "unit": "px",
                                                    "top": "1",
                                                    "right": "1",
                                                    "bottom": "1",
                                                    "left": "1",
                                                    "isLinked": true
                                                },
                                                "mf_input_border_color": "#ededed",
                                                "mf_input_box_shadow_box_shadow": {
                                                    "horizontal": 0,
                                                    "vertical": 3,
                                                    "blur": 5,
                                                    "spread": 0,
                                                    "color": "rgba(0,0,0,0.05)"
                                                },
                                                "mf_input_place_holder_typography_typography": "custom",
                                                "mf_input_place_holder_typography_font_family": "Helvetica",
                                                "mf_input_place_holder_typography_font_weight": "400",
                                                "mf_input_placeholder_color": "#999999",
                                                "mf_input_help_text_typography_typography": "custom",
                                                "mf_input_help_text_typography_font_family": "Helvetica",
                                                "mf_input_help_text_typography_font_size": {
                                                    "unit": "px",
                                                    "size": 12,
                                                    "sizes": []
                                                },
                                                "mf_input_help_text_typography_font_weight": "400",
                                                "mf_input_help_text_typography_font_style": "italic",
                                                "mf_input_help_text_typography_line_height": {
                                                    "unit": "px",
                                                    "size": 14,
                                                    "sizes": []
                                                },
                                                "mf_input_help_text_color": "#555555",
                                                "mf_input_help_text_padding": {
                                                    "unit": "px",
                                                    "top": "3",
                                                    "right": "0",
                                                    "bottom": "0",
                                                    "left": "0",
                                                    "isLinked": false
                                                },
                                                "__globals__": {
                                                    "mf_input_background_color": "globals\/colors?id=495d27d",
                                                    "mf_input_color": "globals\/colors?id=primary",
                                                    "mf_input_color_hover": "globals\/colors?id=primary",
                                                    "mf_input_color_focus": "globals\/colors?id=primary",
                                                    "mf_input_label_typography_typography": "globals\/typography?id=0d5e945",
                                                    "mf_input_warning_text_typography_typography": "globals\/typography?id=text",
                                                    "mf_input_typgraphy_typography": "globals\/typography?id=text"
                                                }
                                            },
                                            "elements": [],
                                            "isInner": false,
                                            "widgetType": "mf-number",
                                            "elType": "widget"
                                        }
                                    ],
                                    "isInner": true,
                                    "elType": "column"
                                },
                                {
                                    "id": "7caf9dea",
                                    "settings": {
                                        "_column_size": 50,
                                        "_inline_size": null,
                                        "margin": {
                                            "unit": "px",
                                            "top": "7",
                                            "right": "0",
                                            "bottom": "0",
                                            "left": "0",
                                            "isLinked": false
                                        },
                                        "padding_mobile": {
                                            "unit": "px",
                                            "top": "20",
                                            "right": "0",
                                            "bottom": "0",
                                            "left": "0",
                                            "isLinked": false
                                        }
                                    },
                                    "elements": [
                                        {
                                            "id": "47f8aff8",
                                            "settings": {
                                                "mf_input_label": "Select Services",
                                                "mf_input_name": "mf-select",
                                                "mf_input_placeholder": "Select Services",
                                                "mf_input_list": [
                                                    {
                                                        "mf_input_option_text": "Financial Planning",
                                                        "mf_input_option_value": "value-1",
                                                        "_id": "fa7b55e"
                                                    },
                                                    {
                                                        "mf_input_option_text": "Investment Management",
                                                        "mf_input_option_value": "value-2",
                                                        "_id": "1204903"
                                                    },
                                                    {
                                                        "mf_input_option_text": "Insurance",
                                                        "mf_input_option_value": "value-3",
                                                        "_id": "73c8bd3"
                                                    },
                                                    {
                                                        "mf_input_option_text": "Retirement Planning",
                                                        "mf_input_option_value": "value-3",
                                                        "_id": "bc33411"
                                                    }
                                                ],
                                                "mf_input_validation_warning_message": "This field is required.",
                                                "mf_input_label_color": "#101010",
                                                "mf_input_label_margin": {
                                                    "unit": "px",
                                                    "top": "0",
                                                    "right": "0",
                                                    "bottom": "5",
                                                    "left": "0",
                                                    "isLinked": false
                                                },
                                                "mf_input_required_indicator_color": "#FF0000",
                                                "mf_input_padding": {
                                                    "unit": "px",
                                                    "top": "5",
                                                    "right": "25",
                                                    "bottom": "0",
                                                    "left": "25",
                                                    "isLinked": false
                                                },
                                                "mf_input_background_background": "classic",
                                                "mf_input_border_border": "solid",
                                                "mf_input_border_width": {
                                                    "unit": "px",
                                                    "top": "1",
                                                    "right": "1",
                                                    "bottom": "1",
                                                    "left": "1",
                                                    "isLinked": true
                                                },
                                                "mf_input_border_color": "#ededed",
                                                "mf_input_box_shadow_box_shadow": {
                                                    "horizontal": 0,
                                                    "vertical": 3,
                                                    "blur": 5,
                                                    "spread": 0,
                                                    "color": "rgba(0,0,0,0.05)"
                                                },
                                                "mf_input_place_holder_typography_typography": "custom",
                                                "mf_input_place_holder_typography_font_family": "Helvetica",
                                                "mf_input_place_holder_typography_font_weight": "400",
                                                "mf_input_placeholder_color": "#999999",
                                                "mf_input_help_text_typography_typography": "custom",
                                                "mf_input_help_text_typography_font_family": "Helvetica",
                                                "mf_input_help_text_typography_font_size": {
                                                    "unit": "px",
                                                    "size": 12,
                                                    "sizes": []
                                                },
                                                "mf_input_help_text_typography_font_weight": "400",
                                                "mf_input_help_text_typography_font_style": "italic",
                                                "mf_input_help_text_typography_line_height": {
                                                    "unit": "px",
                                                    "size": 14,
                                                    "sizes": []
                                                },
                                                "mf_input_help_text_color": "#555555",
                                                "mf_input_help_text_padding": {
                                                    "unit": "px",
                                                    "top": "3",
                                                    "right": "0",
                                                    "bottom": "0",
                                                    "left": "0",
                                                    "isLinked": false
                                                },
                                                "__globals__": {
                                                    "mf_input_background_color": "globals\/colors?id=495d27d",
                                                    "mf_input_color": "globals\/colors?id=primary",
                                                    "mf_input_color_hover": "globals\/colors?id=primary",
                                                    "mf_input_color_focus": "globals\/colors?id=primary",
                                                    "mf_input_label_typography_typography": "globals\/typography?id=0d5e945",
                                                    "mf_input_warning_text_typography_typography": "globals\/typography?id=text",
                                                    "mf_input_typgraphy_typography": "globals\/typography?id=text"
                                                }
                                            },
                                            "elements": [],
                                            "isInner": false,
                                            "widgetType": "mf-select",
                                            "elType": "widget"
                                        }
                                    ],
                                    "isInner": true,
                                    "elType": "column"
                                }
                            ],
                            "isInner": true,
                            "elType": "section"
                        },
                        {
                            "id": "4fd5899e",
                            "settings": {
                                "gap": "extended"
                            },
                            "elements": [
                                {
                                    "id": "66ded62e",
                                    "settings": {
                                        "_column_size": 100,
                                        "_inline_size": null,
                                        "space_between_widgets": 0,
                                        "margin": {
                                            "unit": "px",
                                            "top": "7",
                                            "right": "0",
                                            "bottom": "0",
                                            "left": "0",
                                            "isLinked": false
                                        },
                                        "padding_mobile": {
                                            "unit": "px",
                                            "top": "20",
                                            "right": "0",
                                            "bottom": "0",
                                            "left": "0",
                                            "isLinked": false
                                        }
                                    },
                                    "elements": [
                                        {
                                            "id": "2234b806",
                                            "settings": {
                                                "mf_btn_text": "Submit Appoinment",
                                                "mf_btn_align": "left",
                                                "mf_btn_text_padding": {
                                                    "unit": "px",
                                                    "top": "15",
                                                    "right": "20",
                                                    "bottom": "15",
                                                    "left": "20",
                                                    "isLinked": false
                                                },
                                                "mf_btn_bg_color_background": "classic",
                                                "mf_btn_box_shadow_group_box_shadow_type": "yes",
                                                "mf_btn_box_shadow_group_box_shadow": {
                                                    "horizontal": 0,
                                                    "vertical": 7,
                                                    "blur": 15,
                                                    "spread": 0,
                                                    "color": "rgba(65.99999999999999, 132.9999999999998, 244, 0)"
                                                },
                                                "_margin": {
                                                    "unit": "px",
                                                    "top": "20",
                                                    "right": "0",
                                                    "bottom": "0",
                                                    "left": "0",
                                                    "isLinked": false
                                                },
                                                "mf_hidden_input": [],
                                                "mf_btn_border_radius": {
                                                    "unit": "px",
                                                    "top": "0",
                                                    "right": "0",
                                                    "bottom": "0",
                                                    "left": "0",
                                                    "isLinked": true
                                                },
                                                "__globals__": {
                                                    "mf_btn_typography_typography": "globals\/typography?id=accent",
                                                    "mf_btn_bg_color_color": "globals\/colors?id=accent",
                                                    "mf_btn_bg_hover_color_color": "globals\/colors?id=39dc25c"
                                                },
                                                "mf_btn_align_mobile": "justify",
                                                "mf_btn_align_tablet": "justify",
                                                "mf_btn_bg_hover_color_background": "classic"
                                            },
                                            "elements": [],
                                            "isInner": false,
                                            "widgetType": "mf-button",
                                            "elType": "widget"
                                        }
                                    ],
                                    "isInner": true,
                                    "elType": "column"
                                }
                            ],
                            "isInner": true,
                            "elType": "section"
                        }
                    ],
                    "isInner": false,
                    "elType": "column"
                }
            ],
            "isInner": false,
            "elType": "section"
        }
    ]
}