{
    "version": "0.4",
    "title": "Contact",
    "type": "page",
    "metadata": {
        "template_type": "single-page",
        "include_in_zip": "1",
        "elementor_pro_required": null,
        "wp_page_template": "elementor_header_footer"
    },
    "content": [
        {
            "id": "6f5da172",
            "settings": {
                "content_width": {
                    "unit": "px",
                    "size": 1280,
                    "sizes": []
                },
                "background_background": "classic",
                "margin": {
                    "unit": "%",
                    "top": "0",
                    "right": 0,
                    "bottom": "0",
                    "left": 0,
                    "isLinked": false
                },
                "margin_tablet": {
                    "unit": "%",
                    "top": "",
                    "right": "",
                    "bottom": "",
                    "left": "",
                    "isLinked": true
                },
                "margin_mobile": {
                    "unit": "%",
                    "top": "",
                    "right": "",
                    "bottom": "",
                    "left": "",
                    "isLinked": true
                },
                "padding": {
                    "unit": "em",
                    "top": "0",
                    "right": "0",
                    "bottom": "0",
                    "left": "0",
                    "isLinked": false
                },
                "padding_tablet": {
                    "unit": "em",
                    "top": "",
                    "right": "",
                    "bottom": "",
                    "left": "",
                    "isLinked": true
                },
                "padding_mobile": {
                    "unit": "em",
                    "top": "0",
                    "right": "0",
                    "bottom": "10",
                    "left": "0",
                    "isLinked": false
                },
                "__globals__": {
                    "background_color": "",
                    "border_color": "globals\/colors?id=659f957"
                },
                "background_image": {
                    "url": "https:\/\/finance.1onestrong.com\/wp-content\/uploads\/2022\/09\/fundjpg031.jpg",
                    "id": 1491,
                    "alt": "",
                    "source": "library"
                },
                "background_position": "center right",
                "background_repeat": "no-repeat",
                "background_size": "initial",
                "background_bg_width": {
                    "unit": "%",
                    "size": 55,
                    "sizes": []
                },
                "background_position_mobile": "bottom center",
                "background_bg_width_tablet": {
                    "unit": "%",
                    "size": 67,
                    "sizes": []
                },
                "background_bg_width_mobile": {
                    "unit": "%",
                    "size": 100,
                    "sizes": []
                },
                "border_border": "solid",
                "border_width": {
                    "unit": "px",
                    "top": "0",
                    "right": "0",
                    "bottom": "1",
                    "left": "0",
                    "isLinked": false
                }
            },
            "elements": [
                {
                    "id": "1f117dbb",
                    "settings": {
                        "_column_size": 100,
                        "_inline_size": null,
                        "background_image": {
                            "url": "",
                            "id": "",
                            "alt": "",
                            "source": "library"
                        },
                        "background_position": "center right",
                        "background_repeat": "no-repeat",
                        "background_size": "initial",
                        "background_bg_width": {
                            "unit": "%",
                            "size": 60,
                            "sizes": []
                        },
                        "border_width": {
                            "unit": "px",
                            "top": "1",
                            "right": "1",
                            "bottom": "1",
                            "left": "1",
                            "isLinked": true
                        },
                        "margin": {
                            "unit": "%",
                            "top": "0",
                            "right": "0",
                            "bottom": "0",
                            "left": "0",
                            "isLinked": false
                        },
                        "margin_tablet": {
                            "unit": "%",
                            "top": "",
                            "right": "",
                            "bottom": "",
                            "left": "",
                            "isLinked": true
                        },
                        "margin_mobile": {
                            "unit": "%",
                            "top": "",
                            "right": "",
                            "bottom": "",
                            "left": "",
                            "isLinked": true
                        },
                        "padding": {
                            "unit": "%",
                            "top": "17",
                            "right": "0",
                            "bottom": "13",
                            "left": "5",
                            "isLinked": false
                        },
                        "padding_tablet": {
                            "unit": "%",
                            "top": "10",
                            "right": "0",
                            "bottom": "15",
                            "left": "5",
                            "isLinked": false
                        },
                        "padding_mobile": {
                            "unit": "%",
                            "top": "5",
                            "right": "0",
                            "bottom": "20",
                            "left": "0",
                            "isLinked": false
                        },
                        "__globals__": {
                            "background_color": "globals\/colors?id=a567df4",
                            "border_color": "globals\/colors?id=659f957"
                        }
                    },
                    "elements": [
                        {
                            "id": "1dc33e2",
                            "settings": {
                                "view": "inline",
                                "icon_list": [
                                    {
                                        "text": "Home",
                                        "selected_icon": {
                                            "value": "",
                                            "library": ""
                                        },
                                        "_id": "3deb229",
                                        "link": {
                                            "url": "#",
                                            "is_external": "",
                                            "nofollow": "",
                                            "custom_attributes": ""
                                        }
                                    },
                                    {
                                        "text": "Contact",
                                        "selected_icon": {
                                            "value": "",
                                            "library": ""
                                        },
                                        "_id": "b832410",
                                        "link": {
                                            "url": "#",
                                            "is_external": "",
                                            "nofollow": "",
                                            "custom_attributes": ""
                                        }
                                    }
                                ],
                                "space_between": {
                                    "unit": "px",
                                    "size": 40,
                                    "sizes": []
                                },
                                "divider": "yes",
                                "divider_height": {
                                    "unit": "%",
                                    "size": 52,
                                    "sizes": []
                                },
                                "__globals__": {
                                    "icon_typography_typography": "globals\/typography?id=accent",
                                    "text_color": "globals\/colors?id=accent",
                                    "divider_color": "globals\/colors?id=accent"
                                },
                                "icon_align_mobile": "center"
                            },
                            "elements": [],
                            "isInner": false,
                            "widgetType": "icon-list",
                            "elType": "widget"
                        },
                        {
                            "id": "6b5b5e9",
                            "settings": {
                                "title": "Contact Us",
                                "_margin": {
                                    "unit": "%",
                                    "top": "-1",
                                    "right": "50",
                                    "bottom": "0",
                                    "left": "0",
                                    "isLinked": false
                                },
                                "_margin_tablet": {
                                    "unit": "%",
                                    "top": "",
                                    "right": "",
                                    "bottom": "",
                                    "left": "",
                                    "isLinked": true
                                },
                                "_margin_mobile": {
                                    "unit": "%",
                                    "top": "0",
                                    "right": "0",
                                    "bottom": "0",
                                    "left": "0",
                                    "isLinked": false
                                },
                                "align_mobile": "center"
                            },
                            "elements": [],
                            "isInner": false,
                            "widgetType": "heading",
                            "elType": "widget"
                        },
                        {
                            "id": "7a600e6b",
                            "settings": {
                                "width": {
                                    "unit": "%",
                                    "size": 10,
                                    "sizes": []
                                },
                                "align": "left",
                                "text": "Divider",
                                "weight": {
                                    "unit": "px",
                                    "size": 4,
                                    "sizes": []
                                },
                                "gap": {
                                    "unit": "px",
                                    "size": 2,
                                    "sizes": []
                                },
                                "_margin": {
                                    "unit": "%",
                                    "top": "-1",
                                    "right": "0",
                                    "bottom": "0",
                                    "left": "0",
                                    "isLinked": false
                                },
                                "_margin_tablet": {
                                    "unit": "%",
                                    "top": "",
                                    "right": "",
                                    "bottom": "",
                                    "left": "",
                                    "isLinked": true
                                },
                                "_margin_mobile": {
                                    "unit": "%",
                                    "top": "-5",
                                    "right": "0",
                                    "bottom": "0",
                                    "left": "0",
                                    "isLinked": false
                                },
                                "__globals__": {
                                    "color": "globals\/colors?id=accent"
                                },
                                "align_mobile": "center"
                            },
                            "elements": [],
                            "isInner": false,
                            "widgetType": "divider",
                            "elType": "widget"
                        }
                    ],
                    "isInner": false,
                    "elType": "column"
                }
            ],
            "isInner": false,
            "elType": "section"
        },
        {
            "id": "375efca7",
            "settings": {
                "content_width": {
                    "unit": "px",
                    "size": 1280,
                    "sizes": []
                },
                "structure": "20",
                "padding": {
                    "unit": "em",
                    "top": "10",
                    "right": "0",
                    "bottom": "10",
                    "left": "0",
                    "isLinked": false
                },
                "padding_tablet": {
                    "unit": "em",
                    "top": "",
                    "right": "",
                    "bottom": "",
                    "left": "",
                    "isLinked": true
                },
                "padding_mobile": {
                    "unit": "em",
                    "top": "5",
                    "right": "0",
                    "bottom": "5",
                    "left": "0",
                    "isLinked": false
                }
            },
            "elements": [
                {
                    "id": "3cddc3e5",
                    "settings": {
                        "_column_size": 50,
                        "_inline_size": 40,
                        "_inline_size_tablet": 100
                    },
                    "elements": [
                        {
                            "id": "553f4c10",
                            "settings": {
                                "ekit_heading_title": " {{Get }} in touch",
                                "ekit_heading_sub_title": "Time has changed",
                                "shadow_text_content": "bussiness",
                                "ekit_heading_show_seperator": "",
                                "__globals__": {
                                    "ekit_heading_title_color": "globals\/colors?id=primary",
                                    "ekit_heading_title_typography_typography": "globals\/typography?id=secondary",
                                    "ekit_heading_focused_title_color": "globals\/colors?id=accent",
                                    "ekit_heading_focused_title_color_hover": "globals\/colors?id=accent"
                                }
                            },
                            "elements": [],
                            "isInner": false,
                            "widgetType": "elementskit-heading",
                            "elType": "widget"
                        },
                        {
                            "id": "5b34ea14",
                            "settings": {
                                "width": {
                                    "unit": "%",
                                    "size": 20,
                                    "sizes": []
                                },
                                "align": "left",
                                "text": "Divider",
                                "weight": {
                                    "unit": "px",
                                    "size": 4,
                                    "sizes": []
                                },
                                "gap": {
                                    "unit": "px",
                                    "size": 2,
                                    "sizes": []
                                },
                                "_margin": {
                                    "unit": "%",
                                    "top": "-7",
                                    "right": "0",
                                    "bottom": "0",
                                    "left": "0",
                                    "isLinked": false
                                },
                                "_margin_tablet": {
                                    "unit": "%",
                                    "top": "-4",
                                    "right": "0",
                                    "bottom": "0",
                                    "left": "0",
                                    "isLinked": false
                                },
                                "_margin_mobile": {
                                    "unit": "%",
                                    "top": "",
                                    "right": "",
                                    "bottom": "",
                                    "left": "",
                                    "isLinked": true
                                },
                                "__globals__": {
                                    "color": "globals\/colors?id=accent"
                                },
                                "width_tablet": {
                                    "unit": "%",
                                    "size": 10,
                                    "sizes": []
                                }
                            },
                            "elements": [],
                            "isInner": false,
                            "widgetType": "divider",
                            "elType": "widget"
                        },
                        {
                            "id": "4530944e",
                            "settings": {
                                "_margin": {
                                    "unit": "%",
                                    "top": "0",
                                    "right": "25",
                                    "bottom": "0",
                                    "left": "0",
                                    "isLinked": false
                                },
                                "_margin_tablet": {
                                    "unit": "%",
                                    "top": "",
                                    "right": "",
                                    "bottom": "",
                                    "left": "",
                                    "isLinked": true
                                },
                                "_margin_mobile": {
                                    "unit": "%",
                                    "top": "0",
                                    "right": "0",
                                    "bottom": "0",
                                    "left": "0",
                                    "isLinked": false
                                },
                                "__globals__": {
                                    "typography_typography": "globals\/typography?id=text",
                                    "text_color": "globals\/colors?id=text"
                                }
                            },
                            "elements": [],
                            "isInner": false,
                            "widgetType": "text-editor",
                            "elType": "widget"
                        },
                        {
                            "id": "2e8921c",
                            "settings": {
                                "structure": "20"
                            },
                            "elements": [
                                {
                                    "id": "fbd71cf",
                                    "settings": {
                                        "_column_size": 50,
                                        "_inline_size": null,
                                        "_inline_size_tablet": 30,
                                        "_inline_size_mobile": 100
                                    },
                                    "elements": [
                                        {
                                            "id": "6eaed418",
                                            "settings": {
                                                "ekit_icon_box_title_text": "Phone",
                                                "ekit_icon_box_description_text": "+187-5840-8547",
                                                "ekit_icon_box_btn_text": "Learn more ",
                                                "ekit_icon_box_badge_title": "EXCLUSIVE",
                                                "ekit_icon_box_infobox_bg_padding": {
                                                    "unit": "px",
                                                    "top": "0",
                                                    "right": "0",
                                                    "bottom": "0",
                                                    "left": "0",
                                                    "isLinked": true
                                                },
                                                "ekit_icon_box_margin": {
                                                    "unit": "px",
                                                    "top": "0",
                                                    "right": "10",
                                                    "bottom": "0",
                                                    "left": "20",
                                                    "isLinked": false,
                                                    "size": 15
                                                },
                                                "__globals__": {
                                                    "ekit_icon_title_typography_group_typography": "globals\/typography?id=db1e030",
                                                    "ekit_icon_description_typography_group_typography": "globals\/typography?id=58f3e1d",
                                                    "ekit_icon_box_iocnbox_border_group_color": "globals\/colors?id=659f957",
                                                    "ekit_icon_box_infobox_bg_hover_group_color": "",
                                                    "ekit_icon_title_color": "globals\/colors?id=accent",
                                                    "ekit_icon_title_color_hover": "globals\/colors?id=accent",
                                                    "ekit_icon_box_infobox_bg_hover_group_color_b": "",
                                                    "ekit_icon_box_icon_secondary_color_normal": "globals\/colors?id=accent",
                                                    "ekit_icon_box_icon_primary_color": "globals\/colors?id=secondary",
                                                    "ekit_icon_description_color": "globals\/colors?id=text"
                                                },
                                                "ekit_icon_box_header_image": {
                                                    "url": "https:\/\/finance.1onestrong.com\/wp-content\/uploads\/2022\/09\/icon026.png",
                                                    "id": 556,
                                                    "alt": "",
                                                    "source": "library"
                                                },
                                                "ekit_icon_box_infobox_bg_group_background": "classic",
                                                "ekit_icon_box_infobox_bg_group_color": "#02010100",
                                                "ekit_icon_box_infobox_box_shadow_group_box_shadow": {
                                                    "horizontal": 10,
                                                    "vertical": 10,
                                                    "blur": 20,
                                                    "spread": 0,
                                                    "color": "rgba(108.84375000000001, 108.84375000000001, 108.84375000000001, 0.13)"
                                                },
                                                "ekit_icon_box_infobox_border_radious": {
                                                    "unit": "px",
                                                    "top": "0",
                                                    "right": "0",
                                                    "bottom": "0",
                                                    "left": "0",
                                                    "isLinked": true
                                                },
                                                "ekit_icon_box_infobox_bg_hover_group_color": "#FFFFFF",
                                                "ekit_icon_box_icon_width": {
                                                    "unit": "px",
                                                    "size": 30,
                                                    "sizes": []
                                                },
                                                "_animation": "fadeIn",
                                                "animation_duration": "fast",
                                                "_animation_delay": 800,
                                                "ekit_icon_box_iocnbox_border_group_color": "#A7A7A76B",
                                                "ekit_icon_box_infobox_bg_hover_group_color_b": "#E6E5E369",
                                                "ekit_icon_title_color": "#141414",
                                                "ekit_icon_title_color_hover": "#1D7377",
                                                "ekit_icon_box_header_icons": {
                                                    "value": "fas fa-phone-alt",
                                                    "library": "fa-solid"
                                                },
                                                "ekit_icon_box_icon_position": "left",
                                                "ekit_icon_box_iocnbox_border_group_border": "",
                                                "ekit_icon_title_bottom_space": {
                                                    "unit": "px",
                                                    "top": "0",
                                                    "right": "0",
                                                    "bottom": "0",
                                                    "left": "0",
                                                    "isLinked": false,
                                                    "size": "20"
                                                },
                                                "ekit_icon_title_padding": {
                                                    "unit": "px",
                                                    "top": "0",
                                                    "right": "0",
                                                    "bottom": "0",
                                                    "left": "20",
                                                    "isLinked": ""
                                                },
                                                "ekit_icon_icon_size": {
                                                    "unit": "px",
                                                    "size": 15,
                                                    "sizes": []
                                                },
                                                "ekit_icon_box_icon_height": {
                                                    "unit": "px",
                                                    "size": 30,
                                                    "sizes": []
                                                },
                                                "ekit_icon_box_icon_line_height": {
                                                    "unit": "px",
                                                    "size": 31,
                                                    "sizes": []
                                                }
                                            },
                                            "elements": [],
                                            "isInner": false,
                                            "widgetType": "elementskit-icon-box",
                                            "elType": "widget"
                                        }
                                    ],
                                    "isInner": true,
                                    "elType": "column"
                                },
                                {
                                    "id": "41aa9c7a",
                                    "settings": {
                                        "_column_size": 50,
                                        "_inline_size": null,
                                        "_inline_size_mobile": 100
                                    },
                                    "elements": [
                                        {
                                            "id": "536a9099",
                                            "settings": {
                                                "ekit_icon_box_title_text": "Location",
                                                "ekit_icon_box_description_text": "Jl. Soekarno-hatta",
                                                "ekit_icon_box_btn_text": "Learn more ",
                                                "ekit_icon_box_badge_title": "EXCLUSIVE",
                                                "ekit_icon_box_infobox_bg_padding": {
                                                    "unit": "px",
                                                    "top": "0",
                                                    "right": "0",
                                                    "bottom": "0",
                                                    "left": "0",
                                                    "isLinked": true
                                                },
                                                "ekit_icon_box_margin": {
                                                    "unit": "px",
                                                    "top": "0",
                                                    "right": "10",
                                                    "bottom": "0",
                                                    "left": "20",
                                                    "isLinked": false,
                                                    "size": 15
                                                },
                                                "__globals__": {
                                                    "ekit_icon_title_typography_group_typography": "globals\/typography?id=db1e030",
                                                    "ekit_icon_description_typography_group_typography": "globals\/typography?id=58f3e1d",
                                                    "ekit_icon_box_iocnbox_border_group_color": "globals\/colors?id=659f957",
                                                    "ekit_icon_box_infobox_bg_hover_group_color": "",
                                                    "ekit_icon_title_color": "globals\/colors?id=accent",
                                                    "ekit_icon_title_color_hover": "globals\/colors?id=accent",
                                                    "ekit_icon_box_infobox_bg_hover_group_color_b": "",
                                                    "ekit_icon_box_icon_secondary_color_normal": "globals\/colors?id=accent",
                                                    "ekit_icon_box_icon_primary_color": "globals\/colors?id=secondary",
                                                    "ekit_icon_description_color": "globals\/colors?id=text"
                                                },
                                                "ekit_icon_box_header_image": {
                                                    "url": "https:\/\/finance.1onestrong.com\/wp-content\/uploads\/2022\/09\/icon026.png",
                                                    "id": 556,
                                                    "alt": "",
                                                    "source": "library"
                                                },
                                                "ekit_icon_box_infobox_bg_group_background": "classic",
                                                "ekit_icon_box_infobox_bg_group_color": "#02010100",
                                                "ekit_icon_box_infobox_box_shadow_group_box_shadow": {
                                                    "horizontal": 10,
                                                    "vertical": 10,
                                                    "blur": 20,
                                                    "spread": 0,
                                                    "color": "rgba(108.84375000000001, 108.84375000000001, 108.84375000000001, 0.13)"
                                                },
                                                "ekit_icon_box_infobox_border_radious": {
                                                    "unit": "px",
                                                    "top": "0",
                                                    "right": "0",
                                                    "bottom": "0",
                                                    "left": "0",
                                                    "isLinked": true
                                                },
                                                "ekit_icon_box_infobox_bg_hover_group_color": "#FFFFFF",
                                                "ekit_icon_box_icon_width": {
                                                    "unit": "px",
                                                    "size": 30,
                                                    "sizes": []
                                                },
                                                "_animation": "fadeIn",
                                                "animation_duration": "fast",
                                                "_animation_delay": 800,
                                                "ekit_icon_box_iocnbox_border_group_color": "#A7A7A76B",
                                                "ekit_icon_box_infobox_bg_hover_group_color_b": "#E6E5E369",
                                                "ekit_icon_title_color": "#141414",
                                                "ekit_icon_title_color_hover": "#1D7377",
                                                "ekit_icon_box_header_icons": {
                                                    "value": "fas fa-map-marker-alt",
                                                    "library": "fa-solid"
                                                },
                                                "ekit_icon_box_icon_position": "left",
                                                "ekit_icon_box_text_align_responsive": "left",
                                                "ekit_icon_box_iocnbox_border_group_border": "",
                                                "ekit_icon_title_bottom_space": {
                                                    "unit": "px",
                                                    "top": "0",
                                                    "right": "0",
                                                    "bottom": "0",
                                                    "left": "0",
                                                    "isLinked": false,
                                                    "size": "20"
                                                },
                                                "ekit_icon_title_padding": {
                                                    "unit": "px",
                                                    "top": "0",
                                                    "right": "0",
                                                    "bottom": "0",
                                                    "left": "20",
                                                    "isLinked": ""
                                                },
                                                "ekit_icon_icon_size": {
                                                    "unit": "px",
                                                    "size": 15,
                                                    "sizes": []
                                                },
                                                "ekit_icon_box_icon_height": {
                                                    "unit": "px",
                                                    "size": 30,
                                                    "sizes": []
                                                },
                                                "ekit_icon_box_icon_line_height": {
                                                    "unit": "px",
                                                    "size": 31,
                                                    "sizes": []
                                                }
                                            },
                                            "elements": [],
                                            "isInner": false,
                                            "widgetType": "elementskit-icon-box",
                                            "elType": "widget"
                                        }
                                    ],
                                    "isInner": true,
                                    "elType": "column"
                                }
                            ],
                            "isInner": true,
                            "elType": "section"
                        },
                        {
                            "id": "a3f9699",
                            "settings": {
                                "structure": "20",
                                "margin": {
                                    "unit": "%",
                                    "top": "3",
                                    "right": 0,
                                    "bottom": "0",
                                    "left": 0,
                                    "isLinked": false
                                },
                                "margin_tablet": {
                                    "unit": "%",
                                    "top": "",
                                    "right": "",
                                    "bottom": "",
                                    "left": "",
                                    "isLinked": true
                                },
                                "margin_mobile": {
                                    "unit": "%",
                                    "top": "",
                                    "right": "",
                                    "bottom": "",
                                    "left": "",
                                    "isLinked": true
                                }
                            },
                            "elements": [
                                {
                                    "id": "62fae286",
                                    "settings": {
                                        "_column_size": 50,
                                        "_inline_size": null,
                                        "_inline_size_tablet": 30,
                                        "_inline_size_mobile": 100
                                    },
                                    "elements": [
                                        {
                                            "id": "42d91f75",
                                            "settings": {
                                                "ekit_icon_box_title_text": "Email",
                                                "ekit_icon_box_description_text": "finance@mail.com",
                                                "ekit_icon_box_btn_text": "Learn more ",
                                                "ekit_icon_box_badge_title": "EXCLUSIVE",
                                                "ekit_icon_box_infobox_bg_padding": {
                                                    "unit": "px",
                                                    "top": "0",
                                                    "right": "0",
                                                    "bottom": "0",
                                                    "left": "0",
                                                    "isLinked": true
                                                },
                                                "ekit_icon_box_margin": {
                                                    "unit": "px",
                                                    "top": "0",
                                                    "right": "10",
                                                    "bottom": "0",
                                                    "left": "20",
                                                    "isLinked": false,
                                                    "size": 15
                                                },
                                                "__globals__": {
                                                    "ekit_icon_title_typography_group_typography": "globals\/typography?id=db1e030",
                                                    "ekit_icon_description_typography_group_typography": "globals\/typography?id=58f3e1d",
                                                    "ekit_icon_box_iocnbox_border_group_color": "globals\/colors?id=659f957",
                                                    "ekit_icon_box_infobox_bg_hover_group_color": "",
                                                    "ekit_icon_title_color": "globals\/colors?id=accent",
                                                    "ekit_icon_title_color_hover": "globals\/colors?id=accent",
                                                    "ekit_icon_box_infobox_bg_hover_group_color_b": "",
                                                    "ekit_icon_box_icon_secondary_color_normal": "globals\/colors?id=accent",
                                                    "ekit_icon_box_icon_primary_color": "globals\/colors?id=secondary",
                                                    "ekit_icon_description_color": "globals\/colors?id=text"
                                                },
                                                "ekit_icon_box_header_image": {
                                                    "url": "https:\/\/finance.1onestrong.com\/wp-content\/uploads\/2022\/09\/icon026.png",
                                                    "id": 556,
                                                    "alt": "",
                                                    "source": "library"
                                                },
                                                "ekit_icon_box_infobox_bg_group_background": "classic",
                                                "ekit_icon_box_infobox_bg_group_color": "#02010100",
                                                "ekit_icon_box_infobox_box_shadow_group_box_shadow": {
                                                    "horizontal": 10,
                                                    "vertical": 10,
                                                    "blur": 20,
                                                    "spread": 0,
                                                    "color": "rgba(108.84375000000001, 108.84375000000001, 108.84375000000001, 0.13)"
                                                },
                                                "ekit_icon_box_infobox_border_radious": {
                                                    "unit": "px",
                                                    "top": "0",
                                                    "right": "0",
                                                    "bottom": "0",
                                                    "left": "0",
                                                    "isLinked": true
                                                },
                                                "ekit_icon_box_infobox_bg_hover_group_color": "#FFFFFF",
                                                "ekit_icon_box_icon_width": {
                                                    "unit": "px",
                                                    "size": 30,
                                                    "sizes": []
                                                },
                                                "_animation": "fadeIn",
                                                "animation_duration": "fast",
                                                "_animation_delay": 800,
                                                "ekit_icon_box_iocnbox_border_group_color": "#A7A7A76B",
                                                "ekit_icon_box_infobox_bg_hover_group_color_b": "#E6E5E369",
                                                "ekit_icon_title_color": "#141414",
                                                "ekit_icon_title_color_hover": "#1D7377",
                                                "ekit_icon_box_header_icons": {
                                                    "value": "fas fa-envelope",
                                                    "library": "fa-solid"
                                                },
                                                "ekit_icon_box_icon_position": "left",
                                                "ekit_icon_box_text_align_responsive": "left",
                                                "ekit_icon_box_iocnbox_border_group_border": "",
                                                "ekit_icon_title_bottom_space": {
                                                    "unit": "px",
                                                    "top": "0",
                                                    "right": "0",
                                                    "bottom": "0",
                                                    "left": "0",
                                                    "isLinked": false,
                                                    "size": "20"
                                                },
                                                "ekit_icon_title_padding": {
                                                    "unit": "px",
                                                    "top": "0",
                                                    "right": "0",
                                                    "bottom": "0",
                                                    "left": "20",
                                                    "isLinked": ""
                                                },
                                                "ekit_icon_icon_size": {
                                                    "unit": "px",
                                                    "size": 15,
                                                    "sizes": []
                                                },
                                                "ekit_icon_box_icon_height": {
                                                    "unit": "px",
                                                    "size": 30,
                                                    "sizes": []
                                                },
                                                "ekit_icon_box_icon_line_height": {
                                                    "unit": "px",
                                                    "size": 31,
                                                    "sizes": []
                                                }
                                            },
                                            "elements": [],
                                            "isInner": false,
                                            "widgetType": "elementskit-icon-box",
                                            "elType": "widget"
                                        }
                                    ],
                                    "isInner": true,
                                    "elType": "column"
                                },
                                {
                                    "id": "1e62f81c",
                                    "settings": {
                                        "_column_size": 50,
                                        "_inline_size": null,
                                        "_inline_size_mobile": 100
                                    },
                                    "elements": [
                                        {
                                            "id": "cb6cf0f",
                                            "settings": {
                                                "ekit_icon_box_title_text": "Open Hour",
                                                "ekit_icon_box_description_text": "Mon - Sat, 08.00 - 16.00",
                                                "ekit_icon_box_btn_text": "Learn more ",
                                                "ekit_icon_box_badge_title": "EXCLUSIVE",
                                                "ekit_icon_box_infobox_bg_padding": {
                                                    "unit": "px",
                                                    "top": "0",
                                                    "right": "0",
                                                    "bottom": "0",
                                                    "left": "0",
                                                    "isLinked": true
                                                },
                                                "ekit_icon_box_margin": {
                                                    "unit": "px",
                                                    "top": "0",
                                                    "right": "10",
                                                    "bottom": "0",
                                                    "left": "20",
                                                    "isLinked": false,
                                                    "size": 15
                                                },
                                                "__globals__": {
                                                    "ekit_icon_title_typography_group_typography": "globals\/typography?id=db1e030",
                                                    "ekit_icon_description_typography_group_typography": "globals\/typography?id=58f3e1d",
                                                    "ekit_icon_box_iocnbox_border_group_color": "globals\/colors?id=659f957",
                                                    "ekit_icon_box_infobox_bg_hover_group_color": "",
                                                    "ekit_icon_title_color": "globals\/colors?id=accent",
                                                    "ekit_icon_title_color_hover": "globals\/colors?id=accent",
                                                    "ekit_icon_box_infobox_bg_hover_group_color_b": "",
                                                    "ekit_icon_box_icon_secondary_color_normal": "globals\/colors?id=accent",
                                                    "ekit_icon_box_icon_primary_color": "globals\/colors?id=secondary",
                                                    "ekit_icon_description_color": "globals\/colors?id=text"
                                                },
                                                "ekit_icon_box_header_image": {
                                                    "url": "https:\/\/finance.1onestrong.com\/wp-content\/uploads\/2022\/09\/icon026.png",
                                                    "id": 556,
                                                    "alt": "",
                                                    "source": "library"
                                                },
                                                "ekit_icon_box_infobox_bg_group_background": "classic",
                                                "ekit_icon_box_infobox_bg_group_color": "#02010100",
                                                "ekit_icon_box_infobox_box_shadow_group_box_shadow": {
                                                    "horizontal": 10,
                                                    "vertical": 10,
                                                    "blur": 20,
                                                    "spread": 0,
                                                    "color": "rgba(108.84375000000001, 108.84375000000001, 108.84375000000001, 0.13)"
                                                },
                                                "ekit_icon_box_infobox_border_radious": {
                                                    "unit": "px",
                                                    "top": "0",
                                                    "right": "0",
                                                    "bottom": "0",
                                                    "left": "0",
                                                    "isLinked": true
                                                },
                                                "ekit_icon_box_infobox_bg_hover_group_color": "#FFFFFF",
                                                "ekit_icon_box_icon_width": {
                                                    "unit": "px",
                                                    "size": 30,
                                                    "sizes": []
                                                },
                                                "_animation": "fadeIn",
                                                "animation_duration": "fast",
                                                "_animation_delay": 800,
                                                "ekit_icon_box_iocnbox_border_group_color": "#A7A7A76B",
                                                "ekit_icon_box_infobox_bg_hover_group_color_b": "#E6E5E369",
                                                "ekit_icon_title_color": "#141414",
                                                "ekit_icon_title_color_hover": "#1D7377",
                                                "ekit_icon_box_header_icons": {
                                                    "value": "fas fa-clock",
                                                    "library": "fa-solid"
                                                },
                                                "ekit_icon_box_icon_position": "left",
                                                "ekit_icon_box_text_align_responsive": "left",
                                                "ekit_icon_box_iocnbox_border_group_border": "",
                                                "ekit_icon_title_bottom_space": {
                                                    "unit": "px",
                                                    "top": "0",
                                                    "right": "0",
                                                    "bottom": "0",
                                                    "left": "0",
                                                    "isLinked": false,
                                                    "size": "20"
                                                },
                                                "ekit_icon_title_padding": {
                                                    "unit": "px",
                                                    "top": "0",
                                                    "right": "0",
                                                    "bottom": "0",
                                                    "left": "20",
                                                    "isLinked": ""
                                                },
                                                "ekit_icon_icon_size": {
                                                    "unit": "px",
                                                    "size": 15,
                                                    "sizes": []
                                                },
                                                "ekit_icon_box_icon_height": {
                                                    "unit": "px",
                                                    "size": 30,
                                                    "sizes": []
                                                },
                                                "ekit_icon_box_icon_line_height": {
                                                    "unit": "px",
                                                    "size": 31,
                                                    "sizes": []
                                                }
                                            },
                                            "elements": [],
                                            "isInner": false,
                                            "widgetType": "elementskit-icon-box",
                                            "elType": "widget"
                                        }
                                    ],
                                    "isInner": true,
                                    "elType": "column"
                                }
                            ],
                            "isInner": true,
                            "elType": "section"
                        }
                    ],
                    "isInner": false,
                    "elType": "column"
                },
                {
                    "id": "2d4223dd",
                    "settings": {
                        "_column_size": 50,
                        "_inline_size": 60,
                        "margin_mobile": {
                            "unit": "px",
                            "top": "10",
                            "right": "10",
                            "bottom": "10",
                            "left": "10",
                            "isLinked": true
                        },
                        "padding_mobile": {
                            "unit": "px",
                            "top": "0",
                            "right": "0",
                            "bottom": "0",
                            "left": "0",
                            "isLinked": false
                        },
                        "_inline_size_tablet": 100
                    },
                    "elements": [
                        {
                            "id": "d876073",
                            "settings": {
                                "mf_form_id": "1617***1664400010953",
                                "_border_border": "solid",
                                "_border_width": {
                                    "unit": "px",
                                    "top": "1",
                                    "right": "1",
                                    "bottom": "1",
                                    "left": "1",
                                    "isLinked": true
                                },
                                "__globals__": {
                                    "_background_color": "globals\/colors?id=accent",
                                    "_border_color": "globals\/colors?id=659f957"
                                }
                            },
                            "elements": [],
                            "isInner": false,
                            "widgetType": "metform",
                            "elType": "widget"
                        }
                    ],
                    "isInner": false,
                    "elType": "column"
                }
            ],
            "isInner": false,
            "elType": "section"
        },
        {
            "id": "6e3eb43b",
            "settings": {
                "content_width": {
                    "unit": "px",
                    "size": 1280,
                    "sizes": []
                },
                "padding_mobile": {
                    "unit": "em",
                    "top": "0",
                    "right": "0",
                    "bottom": "5",
                    "left": "0",
                    "isLinked": false
                },
                "padding": {
                    "unit": "em",
                    "top": "0",
                    "right": "0",
                    "bottom": "7",
                    "left": "0",
                    "isLinked": false
                },
                "padding_tablet": {
                    "unit": "em",
                    "top": "",
                    "right": "",
                    "bottom": "",
                    "left": "",
                    "isLinked": true
                }
            },
            "elements": [
                {
                    "id": "6de43357",
                    "settings": {
                        "_column_size": 100,
                        "_inline_size": null
                    },
                    "elements": [
                        {
                            "id": "3be76b17",
                            "settings": {
                                "address": "London Eye, London, United Kingdom",
                                "height": {
                                    "unit": "vh",
                                    "size": 50,
                                    "sizes": []
                                },
                                "height_tablet": {
                                    "unit": "vh",
                                    "size": "",
                                    "sizes": []
                                },
                                "height_mobile": {
                                    "unit": "vh",
                                    "size": "",
                                    "sizes": []
                                }
                            },
                            "elements": [],
                            "isInner": false,
                            "widgetType": "google_maps",
                            "elType": "widget"
                        }
                    ],
                    "isInner": false,
                    "elType": "column"
                }
            ],
            "isInner": false,
            "elType": "section"
        }
    ]
}