{
    "version": "0.4",
    "title": "Contact-Section-Metform",
    "type": "section",
    "metadata": {
        "template_type": "section-contact",
        "include_in_zip": "1",
        "elementor_pro_required": null,
        "wp_page_template": "elementor_canvas"
    },
    "content": [
        {
            "id": "366f7537",
            "settings": {
                "gap": "no",
                "background_background": "classic",
                "background_color": "#ffffff",
                "border_radius": {
                    "unit": "px",
                    "top": "0",
                    "right": "0",
                    "bottom": "0",
                    "left": "0",
                    "isLinked": true
                },
                "box_shadow_box_shadow": {
                    "horizontal": 30,
                    "vertical": 30,
                    "blur": 80,
                    "spread": 0,
                    "color": "rgba(0,0,0,0.1)"
                },
                "padding": {
                    "unit": "px",
                    "top": "32",
                    "right": "35",
                    "bottom": "15",
                    "left": "35",
                    "isLinked": false
                },
                "padding_tablet": {
                    "unit": "px",
                    "top": "35",
                    "right": "15",
                    "bottom": "35",
                    "left": "15",
                    "isLinked": false
                }
            },
            "elements": [
                {
                    "id": "3defd6fc",
                    "settings": {
                        "_column_size": 100
                    },
                    "elements": [
                        {
                            "id": "26efc344",
                            "settings": {
                                "gap": "extended",
                                "structure": "20",
                                "padding_mobile": {
                                    "unit": "px",
                                    "top": "0",
                                    "right": "0",
                                    "bottom": "0",
                                    "left": "0",
                                    "isLinked": false
                                }
                            },
                            "elements": [
                                {
                                    "id": "780f9f8c",
                                    "settings": {
                                        "_column_size": 50,
                                        "_inline_size": null,
                                        "padding_mobile": {
                                            "unit": "px",
                                            "top": "0",
                                            "right": "0",
                                            "bottom": "0",
                                            "left": "0",
                                            "isLinked": false
                                        }
                                    },
                                    "elements": [
                                        {
                                            "id": "d696e75",
                                            "settings": {
                                                "mf_input_label": "First Name",
                                                "mf_input_name": "mf-first-name",
                                                "mf_input_placeholder": "Your frist name",
                                                "mf_input_min_length": 1,
                                                "mf_input_label_color": "#101010",
                                                "mf_input_label_margin": {
                                                    "unit": "px",
                                                    "top": "0",
                                                    "right": "0",
                                                    "bottom": "5",
                                                    "left": "0",
                                                    "isLinked": false
                                                },
                                                "mf_input_padding": {
                                                    "unit": "px",
                                                    "top": "15",
                                                    "right": "25",
                                                    "bottom": "15",
                                                    "left": "25",
                                                    "isLinked": false
                                                },
                                                "mf_input_border_border": "solid",
                                                "mf_input_border_width": {
                                                    "unit": "px",
                                                    "top": "1",
                                                    "right": "1",
                                                    "bottom": "1",
                                                    "left": "1",
                                                    "isLinked": true
                                                },
                                                "mf_input_border_color": "#ededed",
                                                "mf_input_box_shadow_box_shadow": {
                                                    "horizontal": 0,
                                                    "vertical": 3,
                                                    "blur": 5,
                                                    "spread": 0,
                                                    "color": "rgba(0,0,0,0.05)"
                                                },
                                                "mf_input_place_holder_typography_typography": "custom",
                                                "mf_input_place_holder_typography_font_family": "Helvetica",
                                                "mf_input_place_holder_typography_font_weight": "400",
                                                "mf_input_placeholder_color": "#999999",
                                                "mf_input_help_text_typography_typography": "custom",
                                                "mf_input_help_text_typography_font_family": "Helvetica",
                                                "mf_input_help_text_typography_font_size": {
                                                    "unit": "px",
                                                    "size": 12,
                                                    "sizes": []
                                                },
                                                "mf_input_help_text_typography_font_weight": "400",
                                                "mf_input_help_text_typography_font_style": "italic",
                                                "mf_input_help_text_typography_line_height": {
                                                    "unit": "px",
                                                    "size": 14,
                                                    "sizes": []
                                                },
                                                "mf_input_help_text_padding": {
                                                    "unit": "px",
                                                    "top": "3",
                                                    "right": "0",
                                                    "bottom": "0",
                                                    "left": "0",
                                                    "isLinked": false
                                                },
                                                "mf_input_required": "yes",
                                                "mf_input_validation_warning_message": "This field is required.",
                                                "mf_input_required_indicator_color": "#FF0000",
                                                "mf_input_help_text_color": "#555555",
                                                "mf_input_background_background": "classic",
                                                "__globals__": {
                                                    "mf_input_background_color": "globals\/colors?id=495d27d",
                                                    "mf_input_color": "globals\/colors?id=primary",
                                                    "mf_input_color_hover": "globals\/colors?id=primary",
                                                    "mf_input_color_focus": "globals\/colors?id=primary",
                                                    "mf_input_label_typography_typography": "globals\/typography?id=0d5e945",
                                                    "mf_input_warning_text_typography_typography": "globals\/typography?id=text",
                                                    "mf_input_typgraphy_typography": "globals\/typography?id=text"
                                                }
                                            },
                                            "elements": [],
                                            "isInner": false,
                                            "widgetType": "mf-text",
                                            "elType": "widget"
                                        }
                                    ],
                                    "isInner": true,
                                    "elType": "column"
                                },
                                {
                                    "id": "764ffd4c",
                                    "settings": {
                                        "_column_size": 50,
                                        "_inline_size": null,
                                        "padding_mobile": {
                                            "unit": "px",
                                            "top": "20",
                                            "right": "0",
                                            "bottom": "0",
                                            "left": "0",
                                            "isLinked": false
                                        }
                                    },
                                    "elements": [
                                        {
                                            "id": "54d101f8",
                                            "settings": {
                                                "mf_input_label": "Last Name",
                                                "mf_input_name": "mf-last-name",
                                                "mf_input_placeholder": "Your last name",
                                                "mf_input_label_color": "#101010",
                                                "mf_input_label_margin": {
                                                    "unit": "px",
                                                    "top": "0",
                                                    "right": "0",
                                                    "bottom": "5",
                                                    "left": "0",
                                                    "isLinked": false
                                                },
                                                "mf_input_padding": {
                                                    "unit": "px",
                                                    "top": "15",
                                                    "right": "25",
                                                    "bottom": "15",
                                                    "left": "25",
                                                    "isLinked": false
                                                },
                                                "mf_input_border_border": "solid",
                                                "mf_input_border_width": {
                                                    "unit": "px",
                                                    "top": "1",
                                                    "right": "1",
                                                    "bottom": "1",
                                                    "left": "1",
                                                    "isLinked": true
                                                },
                                                "mf_input_border_color": "#ededed",
                                                "mf_input_box_shadow_box_shadow": {
                                                    "horizontal": 0,
                                                    "vertical": 3,
                                                    "blur": 5,
                                                    "spread": 0,
                                                    "color": "rgba(0,0,0,0.05)"
                                                },
                                                "mf_input_place_holder_typography_typography": "custom",
                                                "mf_input_place_holder_typography_font_family": "Helvetica",
                                                "mf_input_place_holder_typography_font_weight": "400",
                                                "mf_input_placeholder_color": "#999999",
                                                "mf_input_help_text_typography_typography": "custom",
                                                "mf_input_help_text_typography_font_family": "Helvetica",
                                                "mf_input_help_text_typography_font_size": {
                                                    "unit": "px",
                                                    "size": 12,
                                                    "sizes": []
                                                },
                                                "mf_input_help_text_typography_font_weight": "400",
                                                "mf_input_help_text_typography_font_style": "italic",
                                                "mf_input_help_text_typography_line_height": {
                                                    "unit": "px",
                                                    "size": 14,
                                                    "sizes": []
                                                },
                                                "mf_input_help_text_padding": {
                                                    "unit": "px",
                                                    "top": "3",
                                                    "right": "0",
                                                    "bottom": "0",
                                                    "left": "0",
                                                    "isLinked": false
                                                },
                                                "mf_input_required": "yes",
                                                "mf_input_validation_warning_message": "This field is required.",
                                                "mf_input_required_indicator_color": "#FF0000",
                                                "mf_input_help_text_color": "#555555",
                                                "mf_input_background_background": "classic",
                                                "__globals__": {
                                                    "mf_input_background_color": "globals\/colors?id=495d27d",
                                                    "mf_input_color": "globals\/colors?id=primary",
                                                    "mf_input_color_hover": "globals\/colors?id=primary",
                                                    "mf_input_color_focus": "globals\/colors?id=primary",
                                                    "mf_input_label_typography_typography": "globals\/typography?id=0d5e945",
                                                    "mf_input_warning_text_typography_typography": "globals\/typography?id=text",
                                                    "mf_input_typgraphy_typography": "globals\/typography?id=text"
                                                }
                                            },
                                            "elements": [],
                                            "isInner": false,
                                            "widgetType": "mf-text",
                                            "elType": "widget"
                                        }
                                    ],
                                    "isInner": true,
                                    "elType": "column"
                                }
                            ],
                            "isInner": true,
                            "elType": "section"
                        },
                        {
                            "id": "5aef5dae",
                            "settings": {
                                "gap": "extended",
                                "structure": "20"
                            },
                            "elements": [
                                {
                                    "id": "66c600f4",
                                    "settings": {
                                        "_column_size": 50,
                                        "_inline_size": null,
                                        "margin": {
                                            "unit": "px",
                                            "top": "7",
                                            "right": "0",
                                            "bottom": "0",
                                            "left": "0",
                                            "isLinked": false
                                        },
                                        "padding_mobile": {
                                            "unit": "px",
                                            "top": "20",
                                            "right": "0",
                                            "bottom": "0",
                                            "left": "0",
                                            "isLinked": false
                                        }
                                    },
                                    "elements": [
                                        {
                                            "id": "5fba280",
                                            "settings": {
                                                "mf_input_label": "Email Address",
                                                "mf_input_name": "mf-email",
                                                "mf_input_placeholder": "Your email address",
                                                "mf_input_required": "yes",
                                                "mf_input_label_color": "#101010",
                                                "mf_input_label_margin": {
                                                    "unit": "px",
                                                    "top": "0",
                                                    "right": "0",
                                                    "bottom": "5",
                                                    "left": "0",
                                                    "isLinked": false
                                                },
                                                "mf_input_padding": {
                                                    "unit": "px",
                                                    "top": "15",
                                                    "right": "25",
                                                    "bottom": "15",
                                                    "left": "25",
                                                    "isLinked": false
                                                },
                                                "mf_input_border_border": "solid",
                                                "mf_input_border_width": {
                                                    "unit": "px",
                                                    "top": "1",
                                                    "right": "1",
                                                    "bottom": "1",
                                                    "left": "1",
                                                    "isLinked": true
                                                },
                                                "mf_input_border_color": "#ededed",
                                                "mf_input_box_shadow_box_shadow": {
                                                    "horizontal": 0,
                                                    "vertical": 3,
                                                    "blur": 5,
                                                    "spread": 0,
                                                    "color": "rgba(0,0,0,0.05)"
                                                },
                                                "mf_input_place_holder_typography_typography": "custom",
                                                "mf_input_place_holder_typography_font_family": "Helvetica",
                                                "mf_input_place_holder_typography_font_weight": "400",
                                                "mf_input_placeholder_color": "#999999",
                                                "mf_input_help_text_typography_typography": "custom",
                                                "mf_input_help_text_typography_font_family": "Helvetica",
                                                "mf_input_help_text_typography_font_size": {
                                                    "unit": "px",
                                                    "size": 12,
                                                    "sizes": []
                                                },
                                                "mf_input_help_text_typography_font_weight": "400",
                                                "mf_input_help_text_typography_font_style": "italic",
                                                "mf_input_help_text_typography_line_height": {
                                                    "unit": "px",
                                                    "size": 14,
                                                    "sizes": []
                                                },
                                                "mf_input_help_text_padding": {
                                                    "unit": "px",
                                                    "top": "3",
                                                    "right": "0",
                                                    "bottom": "0",
                                                    "left": "0",
                                                    "isLinked": false
                                                },
                                                "mf_input_validation_warning_message": "This field is required.",
                                                "mf_input_required_indicator_color": "#FF0000",
                                                "mf_input_help_text_color": "#555555",
                                                "mf_input_background_background": "classic",
                                                "__globals__": {
                                                    "mf_input_background_color": "globals\/colors?id=495d27d",
                                                    "mf_input_color": "globals\/colors?id=primary",
                                                    "mf_input_color_hover": "globals\/colors?id=primary",
                                                    "mf_input_color_focus": "globals\/colors?id=primary",
                                                    "mf_input_label_typography_typography": "globals\/typography?id=0d5e945",
                                                    "mf_input_warning_text_typography_typography": "globals\/typography?id=text",
                                                    "mf_input_typgraphy_typography": "globals\/typography?id=text"
                                                }
                                            },
                                            "elements": [],
                                            "isInner": false,
                                            "widgetType": "mf-email",
                                            "elType": "widget"
                                        }
                                    ],
                                    "isInner": true,
                                    "elType": "column"
                                },
                                {
                                    "id": "5355e784",
                                    "settings": {
                                        "_column_size": 50,
                                        "_inline_size": null,
                                        "margin": {
                                            "unit": "px",
                                            "top": "7",
                                            "right": "0",
                                            "bottom": "0",
                                            "left": "0",
                                            "isLinked": false
                                        },
                                        "padding_mobile": {
                                            "unit": "px",
                                            "top": "20",
                                            "right": "0",
                                            "bottom": "0",
                                            "left": "0",
                                            "isLinked": false
                                        }
                                    },
                                    "elements": [
                                        {
                                            "id": "24a82e9a",
                                            "settings": {
                                                "mf_input_label": "Telephone",
                                                "mf_input_name": "mf-telephone",
                                                "mf_input_placeholder": "Your phone numbers",
                                                "mf_input_validation_warning_message": "This field is required.",
                                                "mf_input_label_color": "#101010",
                                                "mf_input_label_margin": {
                                                    "unit": "px",
                                                    "top": "0",
                                                    "right": "0",
                                                    "bottom": "5",
                                                    "left": "0",
                                                    "isLinked": false
                                                },
                                                "mf_input_required_indicator_color": "#FF0000",
                                                "mf_input_padding": {
                                                    "unit": "px",
                                                    "top": "15",
                                                    "right": "25",
                                                    "bottom": "15",
                                                    "left": "25",
                                                    "isLinked": false
                                                },
                                                "mf_input_background_background": "classic",
                                                "mf_input_border_border": "solid",
                                                "mf_input_border_width": {
                                                    "unit": "px",
                                                    "top": "1",
                                                    "right": "1",
                                                    "bottom": "1",
                                                    "left": "1",
                                                    "isLinked": true
                                                },
                                                "mf_input_border_color": "#ededed",
                                                "mf_input_box_shadow_box_shadow": {
                                                    "horizontal": 0,
                                                    "vertical": 3,
                                                    "blur": 5,
                                                    "spread": 0,
                                                    "color": "rgba(0,0,0,0.05)"
                                                },
                                                "mf_input_place_holder_typography_typography": "custom",
                                                "mf_input_place_holder_typography_font_family": "Helvetica",
                                                "mf_input_place_holder_typography_font_weight": "400",
                                                "mf_input_placeholder_color": "#999999",
                                                "mf_input_help_text_typography_typography": "custom",
                                                "mf_input_help_text_typography_font_family": "Helvetica",
                                                "mf_input_help_text_typography_font_size": {
                                                    "unit": "px",
                                                    "size": 12,
                                                    "sizes": []
                                                },
                                                "mf_input_help_text_typography_font_weight": "400",
                                                "mf_input_help_text_typography_font_style": "italic",
                                                "mf_input_help_text_typography_line_height": {
                                                    "unit": "px",
                                                    "size": 14,
                                                    "sizes": []
                                                },
                                                "mf_input_help_text_color": "#555555",
                                                "mf_input_help_text_padding": {
                                                    "unit": "px",
                                                    "top": "3",
                                                    "right": "0",
                                                    "bottom": "0",
                                                    "left": "0",
                                                    "isLinked": false
                                                },
                                                "__globals__": {
                                                    "mf_input_background_color": "globals\/colors?id=495d27d",
                                                    "mf_input_color": "globals\/colors?id=primary",
                                                    "mf_input_color_hover": "globals\/colors?id=primary",
                                                    "mf_input_color_focus": "globals\/colors?id=primary",
                                                    "mf_input_label_typography_typography": "globals\/typography?id=0d5e945",
                                                    "mf_input_warning_text_typography_typography": "globals\/typography?id=text",
                                                    "mf_input_typgraphy_typography": "globals\/typography?id=text"
                                                }
                                            },
                                            "elements": [],
                                            "isInner": false,
                                            "widgetType": "mf-telephone",
                                            "elType": "widget"
                                        }
                                    ],
                                    "isInner": true,
                                    "elType": "column"
                                }
                            ],
                            "isInner": true,
                            "elType": "section"
                        },
                        {
                            "id": "a9dedce",
                            "settings": {
                                "gap": "extended",
                                "structure": "20"
                            },
                            "elements": [
                                {
                                    "id": "12d59ad2",
                                    "settings": {
                                        "_column_size": 50,
                                        "_inline_size": null,
                                        "margin": {
                                            "unit": "px",
                                            "top": "7",
                                            "right": "0",
                                            "bottom": "0",
                                            "left": "0",
                                            "isLinked": false
                                        },
                                        "padding_mobile": {
                                            "unit": "px",
                                            "top": "20",
                                            "right": "0",
                                            "bottom": "0",
                                            "left": "0",
                                            "isLinked": false
                                        }
                                    },
                                    "elements": [
                                        {
                                            "id": "a405a00",
                                            "settings": {
                                                "mf_input_label": "At what stage are you in your financial journey",
                                                "mf_input_name": "mf-radio",
                                                "mf_input_display_option": "block",
                                                "mf_input_list": [
                                                    {
                                                        "mf_input_option_text": "Early-to-Mid-Career",
                                                        "mf_input_option_value": "value-1",
                                                        "_id": "e45339e"
                                                    },
                                                    {
                                                        "mf_input_option_text": "Mid-Career",
                                                        "mf_input_option_value": "value-2",
                                                        "_id": "2b43d87"
                                                    },
                                                    {
                                                        "mf_input_option_text": "Thinking About Retirement",
                                                        "mf_input_option_value": "value-3",
                                                        "_id": "e4cc145"
                                                    },
                                                    {
                                                        "mf_input_option_text": "Recently Retired",
                                                        "mf_input_option_value": "value-3",
                                                        "_id": "5f75cd0"
                                                    },
                                                    {
                                                        "mf_input_option_text": "Retired",
                                                        "mf_input_option_value": "value-3",
                                                        "_id": "ed82c6f"
                                                    }
                                                ],
                                                "mf_input_required": "yes",
                                                "mf_input_validation_warning_message": "This field is required.",
                                                "mf_input_option_padding": {
                                                    "unit": "%",
                                                    "top": "0",
                                                    "right": "0",
                                                    "bottom": "0",
                                                    "left": "0",
                                                    "isLinked": false
                                                },
                                                "mf_input_option_padding_tablet": {
                                                    "unit": "%",
                                                    "top": "",
                                                    "right": "",
                                                    "bottom": "",
                                                    "left": "",
                                                    "isLinked": true
                                                },
                                                "mf_input_option_padding_mobile": {
                                                    "unit": "%",
                                                    "top": "",
                                                    "right": "",
                                                    "bottom": "",
                                                    "left": "",
                                                    "isLinked": true
                                                },
                                                "mf_input_option_margin": {
                                                    "unit": "%",
                                                    "top": "2",
                                                    "right": "0",
                                                    "bottom": "0",
                                                    "left": "0",
                                                    "isLinked": false
                                                },
                                                "mf_input_option_margin_tablet": {
                                                    "unit": "%",
                                                    "top": "",
                                                    "right": "",
                                                    "bottom": "",
                                                    "left": "",
                                                    "isLinked": true
                                                },
                                                "mf_input_option_margin_mobile": {
                                                    "unit": "%",
                                                    "top": "",
                                                    "right": "",
                                                    "bottom": "",
                                                    "left": "",
                                                    "isLinked": true
                                                },
                                                "mf_input_typgraphy_font_size": {
                                                    "unit": "px",
                                                    "size": 15,
                                                    "sizes": []
                                                },
                                                "mf_input_typgraphy_font_size_tablet": {
                                                    "unit": "px",
                                                    "size": 14,
                                                    "sizes": []
                                                },
                                                "mf_input_typgraphy_font_weight": "600",
                                                "mf_input_typgraphy_line_height": {
                                                    "unit": "em",
                                                    "size": "",
                                                    "sizes": []
                                                },
                                                "mf_input_typgraphy_word_spacing": {
                                                    "unit": "em",
                                                    "size": "",
                                                    "sizes": []
                                                },
                                                "mf_input_typgraphy_text_typography": "custom",
                                                "mf_input_typgraphy_text_font_family": "DM Sans",
                                                "mf_input_typgraphy_text_font_size": {
                                                    "unit": "px",
                                                    "size": 15,
                                                    "sizes": []
                                                },
                                                "mf_input_typgraphy_text_font_size_tablet": {
                                                    "unit": "px",
                                                    "size": 14,
                                                    "sizes": []
                                                },
                                                "mf_input_typgraphy_text_font_size_mobile": {
                                                    "unit": "px",
                                                    "size": 14,
                                                    "sizes": []
                                                },
                                                "mf_input_typgraphy_text_font_weight": "400",
                                                "mf_input_typgraphy_text_text_transform": "none",
                                                "mf_input_typgraphy_text_line_height": {
                                                    "unit": "em",
                                                    "size": 1.8000000000000000444089209850062616169452667236328125,
                                                    "sizes": []
                                                },
                                                "__globals__": {
                                                    "mf_input_typgraphy_typography": "",
                                                    "mf_input_typgraphy_text_typography": "globals\/typography?id=text"
                                                }
                                            },
                                            "elements": [],
                                            "isInner": false,
                                            "widgetType": "mf-radio",
                                            "elType": "widget"
                                        }
                                    ],
                                    "isInner": true,
                                    "elType": "column"
                                },
                                {
                                    "id": "e210834",
                                    "settings": {
                                        "_column_size": 50,
                                        "_inline_size": null,
                                        "margin": {
                                            "unit": "px",
                                            "top": "7",
                                            "right": "0",
                                            "bottom": "0",
                                            "left": "0",
                                            "isLinked": false
                                        },
                                        "padding_mobile": {
                                            "unit": "px",
                                            "top": "20",
                                            "right": "0",
                                            "bottom": "0",
                                            "left": "0",
                                            "isLinked": false
                                        }
                                    },
                                    "elements": [
                                        {
                                            "id": "725d0333",
                                            "settings": {
                                                "mf_input_label": "How did you hear about Financ?",
                                                "mf_input_name": "mf-select",
                                                "mf_input_placeholder": "How did you hear about Financ?",
                                                "mf_input_list": [
                                                    {
                                                        "mf_input_option_text": "Online search",
                                                        "mf_input_option_value": "value-1",
                                                        "_id": "fa7b55e"
                                                    },
                                                    {
                                                        "mf_input_option_text": "Family \/  Friend",
                                                        "mf_input_option_value": "value-2",
                                                        "_id": "1204903"
                                                    },
                                                    {
                                                        "mf_input_option_text": "Social Media",
                                                        "mf_input_option_value": "value-3",
                                                        "_id": "73c8bd3"
                                                    },
                                                    {
                                                        "mf_input_option_text": "Event",
                                                        "mf_input_option_value": "value-3",
                                                        "_id": "bc33411"
                                                    },
                                                    {
                                                        "mf_input_option_text": "Other",
                                                        "mf_input_option_value": "value-3",
                                                        "_id": "e723ec2"
                                                    }
                                                ],
                                                "mf_input_validation_warning_message": "This field is required.",
                                                "mf_input_label_color": "#101010",
                                                "mf_input_label_margin": {
                                                    "unit": "px",
                                                    "top": "0",
                                                    "right": "0",
                                                    "bottom": "5",
                                                    "left": "0",
                                                    "isLinked": false
                                                },
                                                "mf_input_required_indicator_color": "#FF0000",
                                                "mf_input_padding": {
                                                    "unit": "px",
                                                    "top": "5",
                                                    "right": "25",
                                                    "bottom": "0",
                                                    "left": "25",
                                                    "isLinked": false
                                                },
                                                "mf_input_background_background": "classic",
                                                "mf_input_border_border": "solid",
                                                "mf_input_border_width": {
                                                    "unit": "px",
                                                    "top": "1",
                                                    "right": "1",
                                                    "bottom": "1",
                                                    "left": "1",
                                                    "isLinked": true
                                                },
                                                "mf_input_border_color": "#ededed",
                                                "mf_input_box_shadow_box_shadow": {
                                                    "horizontal": 0,
                                                    "vertical": 3,
                                                    "blur": 5,
                                                    "spread": 0,
                                                    "color": "rgba(0,0,0,0.05)"
                                                },
                                                "mf_input_place_holder_typography_typography": "custom",
                                                "mf_input_place_holder_typography_font_family": "Helvetica",
                                                "mf_input_place_holder_typography_font_weight": "400",
                                                "mf_input_placeholder_color": "#999999",
                                                "mf_input_help_text_typography_typography": "custom",
                                                "mf_input_help_text_typography_font_family": "Helvetica",
                                                "mf_input_help_text_typography_font_size": {
                                                    "unit": "px",
                                                    "size": 12,
                                                    "sizes": []
                                                },
                                                "mf_input_help_text_typography_font_weight": "400",
                                                "mf_input_help_text_typography_font_style": "italic",
                                                "mf_input_help_text_typography_line_height": {
                                                    "unit": "px",
                                                    "size": 14,
                                                    "sizes": []
                                                },
                                                "mf_input_help_text_color": "#555555",
                                                "mf_input_help_text_padding": {
                                                    "unit": "px",
                                                    "top": "3",
                                                    "right": "0",
                                                    "bottom": "0",
                                                    "left": "0",
                                                    "isLinked": false
                                                },
                                                "__globals__": {
                                                    "mf_input_background_color": "globals\/colors?id=495d27d",
                                                    "mf_input_color": "globals\/colors?id=primary",
                                                    "mf_input_color_hover": "globals\/colors?id=primary",
                                                    "mf_input_color_focus": "globals\/colors?id=primary",
                                                    "mf_input_label_typography_typography": "globals\/typography?id=0d5e945",
                                                    "mf_input_warning_text_typography_typography": "globals\/typography?id=text",
                                                    "mf_input_typgraphy_typography": "globals\/typography?id=text"
                                                }
                                            },
                                            "elements": [],
                                            "isInner": false,
                                            "widgetType": "mf-select",
                                            "elType": "widget"
                                        }
                                    ],
                                    "isInner": true,
                                    "elType": "column"
                                }
                            ],
                            "isInner": true,
                            "elType": "section"
                        },
                        {
                            "id": "75b82388",
                            "settings": {
                                "gap": "extended"
                            },
                            "elements": [
                                {
                                    "id": "489f4189",
                                    "settings": {
                                        "_column_size": 100,
                                        "_inline_size": null,
                                        "margin": {
                                            "unit": "px",
                                            "top": "7",
                                            "right": "0",
                                            "bottom": "0",
                                            "left": "0",
                                            "isLinked": false
                                        },
                                        "padding_mobile": {
                                            "unit": "px",
                                            "top": "20",
                                            "right": "0",
                                            "bottom": "0",
                                            "left": "0",
                                            "isLinked": false
                                        }
                                    },
                                    "elements": [
                                        {
                                            "id": "4bdf6ea0",
                                            "settings": {
                                                "mf_input_label": "What are you interested in learning more about?",
                                                "mf_input_name": "mf-checkbox",
                                                "mf_input_display_option": "block",
                                                "mf_input_list": [
                                                    {
                                                        "mf_input_option_text": "Investment Planning",
                                                        "mf_input_option_value": "value-1",
                                                        "_id": "1b949aa"
                                                    },
                                                    {
                                                        "mf_input_option_text": "Retirement Planning",
                                                        "mf_input_option_value": "value-2",
                                                        "_id": "aa0e75c"
                                                    },
                                                    {
                                                        "mf_input_option_text": "Health & Insurance Planning",
                                                        "mf_input_option_value": "value-3",
                                                        "_id": "db3da2d"
                                                    },
                                                    {
                                                        "mf_input_option_text": "Tax Planning & Preparation",
                                                        "mf_input_option_value": "value-3",
                                                        "_id": "35ddb5d"
                                                    },
                                                    {
                                                        "mf_input_option_text": "Other",
                                                        "mf_input_option_value": "value-3",
                                                        "_id": "05a4b9e"
                                                    }
                                                ],
                                                "mf_input_required": "",
                                                "mf_input_validation_warning_message": "This field is required.",
                                                "mf_input_option_padding": {
                                                    "unit": "%",
                                                    "top": "0",
                                                    "right": "0",
                                                    "bottom": "0",
                                                    "left": "0",
                                                    "isLinked": false
                                                },
                                                "mf_input_option_padding_tablet": {
                                                    "unit": "%",
                                                    "top": "",
                                                    "right": "",
                                                    "bottom": "",
                                                    "left": "",
                                                    "isLinked": true
                                                },
                                                "mf_input_option_padding_mobile": {
                                                    "unit": "%",
                                                    "top": "",
                                                    "right": "",
                                                    "bottom": "",
                                                    "left": "",
                                                    "isLinked": true
                                                },
                                                "mf_input_option_margin": {
                                                    "unit": "%",
                                                    "top": "1",
                                                    "right": "0",
                                                    "bottom": "0",
                                                    "left": "0",
                                                    "isLinked": false
                                                },
                                                "mf_input_option_margin_tablet": {
                                                    "unit": "%",
                                                    "top": "",
                                                    "right": "",
                                                    "bottom": "",
                                                    "left": "",
                                                    "isLinked": true
                                                },
                                                "mf_input_option_margin_mobile": {
                                                    "unit": "%",
                                                    "top": "",
                                                    "right": "",
                                                    "bottom": "",
                                                    "left": "",
                                                    "isLinked": true
                                                },
                                                "mf_input_typgraphy_font_size": {
                                                    "unit": "px",
                                                    "size": 15,
                                                    "sizes": []
                                                },
                                                "mf_input_typgraphy_font_size_tablet": {
                                                    "unit": "px",
                                                    "size": 14,
                                                    "sizes": []
                                                },
                                                "mf_input_typgraphy_font_weight": "600",
                                                "mf_input_typgraphy_line_height": {
                                                    "unit": "em",
                                                    "size": "",
                                                    "sizes": []
                                                },
                                                "mf_input_typgraphy_word_spacing": {
                                                    "unit": "em",
                                                    "size": "",
                                                    "sizes": []
                                                },
                                                "mf_input_typgraphy_text_typography": "custom",
                                                "mf_input_typgraphy_text_font_family": "DM Sans",
                                                "mf_input_typgraphy_text_font_size": {
                                                    "unit": "px",
                                                    "size": 15,
                                                    "sizes": []
                                                },
                                                "mf_input_typgraphy_text_font_size_tablet": {
                                                    "unit": "px",
                                                    "size": 14,
                                                    "sizes": []
                                                },
                                                "mf_input_typgraphy_text_font_size_mobile": {
                                                    "unit": "px",
                                                    "size": 14,
                                                    "sizes": []
                                                },
                                                "mf_input_typgraphy_text_font_weight": "400",
                                                "mf_input_typgraphy_text_text_transform": "none",
                                                "mf_input_typgraphy_text_line_height": {
                                                    "unit": "em",
                                                    "size": 1.8000000000000000444089209850062616169452667236328125,
                                                    "sizes": []
                                                },
                                                "__globals__": {
                                                    "mf_input_typgraphy_typography": "",
                                                    "mf_input_typgraphy_text_typography": "globals\/typography?id=text"
                                                },
                                                "mf_input_typgraphy_font_family": "Questrial",
                                                "mf_input_typgraphy_text_transform": "",
                                                "mf_input_typgraphy_font_style": "",
                                                "mf_input_typgraphy_text_decoration": "",
                                                "mf_input_typgraphy_letter_spacing": {
                                                    "unit": "px",
                                                    "size": "",
                                                    "sizes": []
                                                },
                                                "mf_input_typgraphy_letter_spacing_tablet": {
                                                    "unit": "px",
                                                    "size": "",
                                                    "sizes": []
                                                },
                                                "mf_input_typgraphy_letter_spacing_mobile": {
                                                    "unit": "px",
                                                    "size": "",
                                                    "sizes": []
                                                }
                                            },
                                            "elements": [],
                                            "isInner": false,
                                            "widgetType": "mf-checkbox",
                                            "elType": "widget"
                                        }
                                    ],
                                    "isInner": true,
                                    "elType": "column"
                                }
                            ],
                            "isInner": true,
                            "elType": "section"
                        },
                        {
                            "id": "63fa9747",
                            "settings": {
                                "gap": "extended"
                            },
                            "elements": [
                                {
                                    "id": "4e114481",
                                    "settings": {
                                        "_column_size": 100,
                                        "_inline_size": null,
                                        "margin": {
                                            "unit": "px",
                                            "top": "7",
                                            "right": "0",
                                            "bottom": "0",
                                            "left": "0",
                                            "isLinked": false
                                        },
                                        "padding_mobile": {
                                            "unit": "px",
                                            "top": "20",
                                            "right": "0",
                                            "bottom": "0",
                                            "left": "0",
                                            "isLinked": false
                                        }
                                    },
                                    "elements": [
                                        {
                                            "id": "3b920ff1",
                                            "settings": {
                                                "mf_input_label": "Opt-In Confirmation",
                                                "mf_input_name": "mf-checkbox",
                                                "mf_input_display_option": "block",
                                                "mf_input_list": [
                                                    {
                                                        "mf_input_option_text": "I agree to receive communications from financ advisor",
                                                        "mf_input_option_value": "value-1",
                                                        "_id": "1b949aa"
                                                    }
                                                ],
                                                "mf_input_required": "yes",
                                                "mf_input_validation_warning_message": "This field is required.",
                                                "mf_input_option_padding": {
                                                    "unit": "%",
                                                    "top": "0",
                                                    "right": "0",
                                                    "bottom": "0",
                                                    "left": "0",
                                                    "isLinked": false
                                                },
                                                "mf_input_option_padding_tablet": {
                                                    "unit": "%",
                                                    "top": "",
                                                    "right": "",
                                                    "bottom": "",
                                                    "left": "",
                                                    "isLinked": true
                                                },
                                                "mf_input_option_padding_mobile": {
                                                    "unit": "%",
                                                    "top": "",
                                                    "right": "",
                                                    "bottom": "",
                                                    "left": "",
                                                    "isLinked": true
                                                },
                                                "mf_input_option_margin": {
                                                    "unit": "%",
                                                    "top": "1",
                                                    "right": "0",
                                                    "bottom": "0",
                                                    "left": "0",
                                                    "isLinked": false
                                                },
                                                "mf_input_option_margin_tablet": {
                                                    "unit": "%",
                                                    "top": "",
                                                    "right": "",
                                                    "bottom": "",
                                                    "left": "",
                                                    "isLinked": true
                                                },
                                                "mf_input_option_margin_mobile": {
                                                    "unit": "%",
                                                    "top": "",
                                                    "right": "",
                                                    "bottom": "",
                                                    "left": "",
                                                    "isLinked": true
                                                },
                                                "mf_input_typgraphy_font_size": {
                                                    "unit": "px",
                                                    "size": 15,
                                                    "sizes": []
                                                },
                                                "mf_input_typgraphy_font_size_tablet": {
                                                    "unit": "px",
                                                    "size": 14,
                                                    "sizes": []
                                                },
                                                "mf_input_typgraphy_font_weight": "600",
                                                "mf_input_typgraphy_line_height": {
                                                    "unit": "em",
                                                    "size": "",
                                                    "sizes": []
                                                },
                                                "mf_input_typgraphy_word_spacing": {
                                                    "unit": "em",
                                                    "size": "",
                                                    "sizes": []
                                                },
                                                "mf_input_typgraphy_text_typography": "custom",
                                                "mf_input_typgraphy_text_font_family": "DM Sans",
                                                "mf_input_typgraphy_text_font_size": {
                                                    "unit": "px",
                                                    "size": 15,
                                                    "sizes": []
                                                },
                                                "mf_input_typgraphy_text_font_size_tablet": {
                                                    "unit": "px",
                                                    "size": 14,
                                                    "sizes": []
                                                },
                                                "mf_input_typgraphy_text_font_size_mobile": {
                                                    "unit": "px",
                                                    "size": 14,
                                                    "sizes": []
                                                },
                                                "mf_input_typgraphy_text_font_weight": "400",
                                                "mf_input_typgraphy_text_text_transform": "none",
                                                "mf_input_typgraphy_text_line_height": {
                                                    "unit": "em",
                                                    "size": 1.8000000000000000444089209850062616169452667236328125,
                                                    "sizes": []
                                                },
                                                "__globals__": {
                                                    "mf_input_typgraphy_typography": "",
                                                    "mf_input_typgraphy_text_typography": "globals\/typography?id=text"
                                                },
                                                "mf_input_typgraphy_font_family": "Questrial",
                                                "mf_input_typgraphy_text_transform": "",
                                                "mf_input_typgraphy_font_style": "",
                                                "mf_input_typgraphy_text_decoration": "",
                                                "mf_input_typgraphy_letter_spacing": {
                                                    "unit": "px",
                                                    "size": "",
                                                    "sizes": []
                                                },
                                                "mf_input_typgraphy_letter_spacing_tablet": {
                                                    "unit": "px",
                                                    "size": "",
                                                    "sizes": []
                                                },
                                                "mf_input_typgraphy_letter_spacing_mobile": {
                                                    "unit": "px",
                                                    "size": "",
                                                    "sizes": []
                                                }
                                            },
                                            "elements": [],
                                            "isInner": false,
                                            "widgetType": "mf-checkbox",
                                            "elType": "widget"
                                        }
                                    ],
                                    "isInner": true,
                                    "elType": "column"
                                }
                            ],
                            "isInner": true,
                            "elType": "section"
                        },
                        {
                            "id": "3743caf0",
                            "settings": {
                                "gap": "extended"
                            },
                            "elements": [
                                {
                                    "id": "5d99e978",
                                    "settings": {
                                        "_column_size": 100,
                                        "_inline_size": null,
                                        "space_between_widgets": 0,
                                        "margin": {
                                            "unit": "px",
                                            "top": "7",
                                            "right": "0",
                                            "bottom": "0",
                                            "left": "0",
                                            "isLinked": false
                                        },
                                        "padding_mobile": {
                                            "unit": "px",
                                            "top": "20",
                                            "right": "0",
                                            "bottom": "0",
                                            "left": "0",
                                            "isLinked": false
                                        }
                                    },
                                    "elements": [
                                        {
                                            "id": "1305e55",
                                            "settings": {
                                                "mf_btn_text": "Submit ",
                                                "mf_btn_align": "left",
                                                "mf_btn_text_padding": {
                                                    "unit": "px",
                                                    "top": "15",
                                                    "right": "20",
                                                    "bottom": "15",
                                                    "left": "20",
                                                    "isLinked": false
                                                },
                                                "mf_btn_bg_color_background": "classic",
                                                "mf_btn_box_shadow_group_box_shadow_type": "yes",
                                                "mf_btn_box_shadow_group_box_shadow": {
                                                    "horizontal": 0,
                                                    "vertical": 7,
                                                    "blur": 15,
                                                    "spread": 0,
                                                    "color": "rgba(65.99999999999999, 132.9999999999998, 244, 0)"
                                                },
                                                "_margin": {
                                                    "unit": "px",
                                                    "top": "20",
                                                    "right": "0",
                                                    "bottom": "0",
                                                    "left": "0",
                                                    "isLinked": false
                                                },
                                                "mf_hidden_input": [],
                                                "mf_btn_border_radius": {
                                                    "unit": "px",
                                                    "top": "0",
                                                    "right": "0",
                                                    "bottom": "0",
                                                    "left": "0",
                                                    "isLinked": true
                                                },
                                                "__globals__": {
                                                    "mf_btn_typography_typography": "globals\/typography?id=accent",
                                                    "mf_btn_bg_color_color": "globals\/colors?id=accent",
                                                    "mf_btn_bg_hover_color_color": "globals\/colors?id=39dc25c"
                                                },
                                                "mf_btn_align_mobile": "justify",
                                                "mf_btn_align_tablet": "justify",
                                                "mf_btn_bg_hover_color_background": "classic"
                                            },
                                            "elements": [],
                                            "isInner": false,
                                            "widgetType": "mf-button",
                                            "elType": "widget"
                                        }
                                    ],
                                    "isInner": true,
                                    "elType": "column"
                                }
                            ],
                            "isInner": true,
                            "elType": "section"
                        }
                    ],
                    "isInner": false,
                    "elType": "column"
                }
            ],
            "isInner": false,
            "elType": "section"
        }
    ]
}