{
    "version": "0.4",
    "title": "Footer",
    "type": "section",
    "metadata": {
        "template_type": "section-footer",
        "include_in_zip": "1",
        "elementor_pro_required": null,
        "wp_page_template": "elementor_canvas"
    },
    "content": [
        {
            "id": "2b269418",
            "settings": {
                "content_width": {
                    "unit": "px",
                    "size": 1280,
                    "sizes": []
                },
                "background_background": "classic",
                "padding": {
                    "unit": "em",
                    "top": "5",
                    "right": "0",
                    "bottom": "3",
                    "left": "0",
                    "isLinked": false
                },
                "padding_tablet": {
                    "unit": "em",
                    "top": "",
                    "right": "",
                    "bottom": "",
                    "left": "",
                    "isLinked": true
                },
                "padding_mobile": {
                    "unit": "em",
                    "top": "2",
                    "right": "0",
                    "bottom": "3",
                    "left": "0",
                    "isLinked": false
                },
                "__globals__": {
                    "background_color": "globals\/colors?id=primary"
                },
                "structure": "40"
            },
            "elements": [
                {
                    "id": "f20a9d4",
                    "settings": {
                        "_column_size": 25,
                        "_inline_size": null,
                        "_inline_size_mobile": 100,
                        "margin_mobile": {
                            "unit": "px",
                            "top": "20",
                            "right": "0",
                            "bottom": "20",
                            "left": "0",
                            "isLinked": false
                        }
                    },
                    "elements": [
                        {
                            "id": "765a7bb7",
                            "settings": {
                                "image": {
                                    "url": "https:\/\/finance.1onestrong.com\/wp-content\/uploads\/2022\/10\/Logo02.png",
                                    "id": 1966,
                                    "alt": "",
                                    "source": "library"
                                },
                                "align": "left",
                                "align_tablet": "left",
                                "align_mobile": "center",
                                "width": {
                                    "unit": "%",
                                    "size": 80,
                                    "sizes": []
                                },
                                "width_tablet": {
                                    "unit": "%",
                                    "size": 100,
                                    "sizes": []
                                },
                                "width_mobile": {
                                    "unit": "%",
                                    "size": 60,
                                    "sizes": []
                                },
                                "_margin_tablet": {
                                    "unit": "%",
                                    "top": "0",
                                    "right": "0",
                                    "bottom": "3",
                                    "left": "0",
                                    "isLinked": false
                                },
                                "_margin_mobile": {
                                    "unit": "%",
                                    "top": "0",
                                    "right": "0",
                                    "bottom": "0",
                                    "left": "0",
                                    "isLinked": false
                                }
                            },
                            "elements": [],
                            "isInner": false,
                            "widgetType": "image",
                            "elType": "widget"
                        },
                        {
                            "id": "1e827899",
                            "settings": {
                                "editor": "<p>Lorem ipsum dolor sit amet consectetur adipiscing elit\u00a0 hac porta, tempus eros\u00a0 mollis facilisis vestibulum.<\/p>",
                                "_margin": {
                                    "unit": "px",
                                    "top": "-2",
                                    "right": "0",
                                    "bottom": "-5",
                                    "left": "0",
                                    "isLinked": false
                                },
                                "align_mobile": "center",
                                "_margin_mobile": {
                                    "unit": "px",
                                    "top": "0",
                                    "right": "30",
                                    "bottom": "0",
                                    "left": "30",
                                    "isLinked": false
                                },
                                "__globals__": {
                                    "typography_typography": "globals\/typography?id=58f3e1d",
                                    "text_color": "globals\/colors?id=secondary"
                                }
                            },
                            "elements": [],
                            "isInner": false,
                            "widgetType": "text-editor",
                            "elType": "widget"
                        }
                    ],
                    "isInner": false,
                    "elType": "column"
                },
                {
                    "id": "457fd3f6",
                    "settings": {
                        "_column_size": 25,
                        "_inline_size": null,
                        "_inline_size_mobile": 50,
                        "margin": {
                            "unit": "%",
                            "top": "0",
                            "right": "0",
                            "bottom": "0",
                            "left": "10",
                            "isLinked": false
                        },
                        "margin_tablet": {
                            "unit": "%",
                            "top": "",
                            "right": "",
                            "bottom": "",
                            "left": "",
                            "isLinked": true
                        },
                        "margin_mobile": {
                            "unit": "%",
                            "top": "0",
                            "right": "0",
                            "bottom": "0",
                            "left": "0",
                            "isLinked": false
                        },
                        "animation": "fadeIn",
                        "animation_duration": "fast",
                        "animation_delay": 100
                    },
                    "elements": [
                        {
                            "id": "5f0fc804",
                            "settings": {
                                "title": "Our Services",
                                "header_size": "h4",
                                "__globals__": {
                                    "title_color": "globals\/colors?id=f16cde7",
                                    "typography_typography": "globals\/typography?id=ef116fc"
                                },
                                "_margin": {
                                    "unit": "px",
                                    "top": "0",
                                    "right": "0",
                                    "bottom": "0",
                                    "left": "0",
                                    "isLinked": false
                                },
                                "_margin_mobile": {
                                    "unit": "px",
                                    "top": "0",
                                    "right": "0",
                                    "bottom": "0",
                                    "left": "0",
                                    "isLinked": false
                                }
                            },
                            "elements": [],
                            "isInner": false,
                            "widgetType": "heading",
                            "elType": "widget"
                        },
                        {
                            "id": "18368772",
                            "settings": {
                                "icon_list": [
                                    {
                                        "text": "Financial Planning",
                                        "selected_icon": {
                                            "value": "",
                                            "library": ""
                                        },
                                        "_id": "6158cf3"
                                    },
                                    {
                                        "text": "Investment Management",
                                        "selected_icon": {
                                            "value": "",
                                            "library": ""
                                        },
                                        "_id": "0353e20"
                                    },
                                    {
                                        "text": "Retirement Planning",
                                        "selected_icon": {
                                            "value": "",
                                            "library": ""
                                        },
                                        "_id": "70e7ac2"
                                    },
                                    {
                                        "text": "Investment Analysis",
                                        "selected_icon": {
                                            "value": "",
                                            "library": ""
                                        },
                                        "_id": "ba3ba93"
                                    },
                                    {
                                        "text": "Insurance",
                                        "selected_icon": {
                                            "value": "",
                                            "library": ""
                                        },
                                        "_id": "83c3589"
                                    }
                                ],
                                "space_between": {
                                    "unit": "px",
                                    "size": 8,
                                    "sizes": []
                                },
                                "text_indent": {
                                    "unit": "px",
                                    "size": 1,
                                    "sizes": []
                                },
                                "_margin": {
                                    "unit": "px",
                                    "top": "10",
                                    "right": "0",
                                    "bottom": "0",
                                    "left": "0",
                                    "isLinked": false
                                },
                                "__globals__": {
                                    "icon_typography_typography": "globals\/typography?id=text",
                                    "text_color": "globals\/colors?id=secondary",
                                    "text_color_hover": "globals\/colors?id=f16cde7"
                                }
                            },
                            "elements": [],
                            "isInner": false,
                            "widgetType": "icon-list",
                            "elType": "widget"
                        }
                    ],
                    "isInner": false,
                    "elType": "column"
                },
                {
                    "id": "31f07299",
                    "settings": {
                        "_column_size": 25,
                        "_inline_size": null,
                        "_inline_size_mobile": 50,
                        "margin": {
                            "unit": "%",
                            "top": "0",
                            "right": "0",
                            "bottom": "0",
                            "left": "10",
                            "isLinked": false
                        },
                        "margin_tablet": {
                            "unit": "%",
                            "top": "",
                            "right": "",
                            "bottom": "",
                            "left": "",
                            "isLinked": true
                        },
                        "margin_mobile": {
                            "unit": "px",
                            "top": "0",
                            "right": "0",
                            "bottom": "0",
                            "left": "0",
                            "isLinked": false
                        },
                        "animation": "fadeIn",
                        "animation_duration": "fast",
                        "animation_delay": 200
                    },
                    "elements": [
                        {
                            "id": "43262d0c",
                            "settings": {
                                "title": "Explore",
                                "header_size": "h4",
                                "__globals__": {
                                    "title_color": "globals\/colors?id=f16cde7",
                                    "typography_typography": "globals\/typography?id=ef116fc"
                                },
                                "_margin": {
                                    "unit": "px",
                                    "top": "0",
                                    "right": "0",
                                    "bottom": "0",
                                    "left": "0",
                                    "isLinked": false
                                },
                                "_margin_mobile": {
                                    "unit": "px",
                                    "top": "0",
                                    "right": "0",
                                    "bottom": "0",
                                    "left": "0",
                                    "isLinked": false
                                }
                            },
                            "elements": [],
                            "isInner": false,
                            "widgetType": "heading",
                            "elType": "widget"
                        },
                        {
                            "id": "26987b4f",
                            "settings": {
                                "icon_list": [
                                    {
                                        "text": "About",
                                        "selected_icon": {
                                            "value": "",
                                            "library": ""
                                        },
                                        "_id": "6158cf3"
                                    },
                                    {
                                        "text": "Services",
                                        "selected_icon": {
                                            "value": "",
                                            "library": ""
                                        },
                                        "_id": "0353e20"
                                    },
                                    {
                                        "text": "Careers",
                                        "selected_icon": {
                                            "value": "",
                                            "library": ""
                                        },
                                        "_id": "70e7ac2"
                                    },
                                    {
                                        "text": "FAQs",
                                        "selected_icon": {
                                            "value": "",
                                            "library": ""
                                        },
                                        "_id": "ba3ba93"
                                    },
                                    {
                                        "text": "Partner",
                                        "selected_icon": {
                                            "value": "",
                                            "library": ""
                                        },
                                        "_id": "83c3589"
                                    }
                                ],
                                "space_between": {
                                    "unit": "px",
                                    "size": 8,
                                    "sizes": []
                                },
                                "text_indent": {
                                    "unit": "px",
                                    "size": 1,
                                    "sizes": []
                                },
                                "_margin": {
                                    "unit": "px",
                                    "top": "10",
                                    "right": "0",
                                    "bottom": "0",
                                    "left": "0",
                                    "isLinked": false
                                },
                                "__globals__": {
                                    "icon_typography_typography": "globals\/typography?id=text",
                                    "text_color": "globals\/colors?id=secondary",
                                    "text_color_hover": "globals\/colors?id=f16cde7"
                                }
                            },
                            "elements": [],
                            "isInner": false,
                            "widgetType": "icon-list",
                            "elType": "widget"
                        }
                    ],
                    "isInner": false,
                    "elType": "column"
                },
                {
                    "id": "78292802",
                    "settings": {
                        "_column_size": 25,
                        "_inline_size": null,
                        "_inline_size_mobile": 60,
                        "margin_mobile": {
                            "unit": "px",
                            "top": "20",
                            "right": "0",
                            "bottom": "0",
                            "left": "0",
                            "isLinked": false
                        },
                        "animation": "fadeIn",
                        "animation_duration": "fast",
                        "animation_delay": 300
                    },
                    "elements": [
                        {
                            "id": "3dbe175a",
                            "settings": {
                                "title": "Let's Talk!",
                                "header_size": "h4",
                                "__globals__": {
                                    "title_color": "globals\/colors?id=f16cde7",
                                    "typography_typography": "globals\/typography?id=ef116fc"
                                },
                                "_margin": {
                                    "unit": "px",
                                    "top": "0",
                                    "right": "0",
                                    "bottom": "0",
                                    "left": "0",
                                    "isLinked": false
                                },
                                "_margin_mobile": {
                                    "unit": "px",
                                    "top": "0",
                                    "right": "0",
                                    "bottom": "0",
                                    "left": "0",
                                    "isLinked": false
                                },
                                "align_mobile": "left"
                            },
                            "elements": [],
                            "isInner": false,
                            "widgetType": "heading",
                            "elType": "widget"
                        },
                        {
                            "id": "1310be30",
                            "settings": {
                                "editor": "<p>Lorem ipsum dolor sit amet consectetur adipiscing elit\u00a0 hac\u00a0 facilisis vestibulum.<\/p>",
                                "_margin": {
                                    "unit": "px",
                                    "top": "-2",
                                    "right": "0",
                                    "bottom": "-5",
                                    "left": "0",
                                    "isLinked": false
                                },
                                "align_mobile": "left",
                                "__globals__": {
                                    "text_color": "globals\/colors?id=secondary",
                                    "typography_typography": "globals\/typography?id=58f3e1d"
                                }
                            },
                            "elements": [],
                            "isInner": false,
                            "widgetType": "text-editor",
                            "elType": "widget"
                        },
                        {
                            "id": "6cfd9192",
                            "settings": {
                                "text": "Contact Us",
                                "align": "left",
                                "icon_indent": {
                                    "unit": "px",
                                    "size": 0,
                                    "sizes": []
                                },
                                "background_color": "#3A51CA",
                                "button_background_hover_color": "#141414",
                                "border_border": "solid",
                                "border_width": {
                                    "unit": "px",
                                    "top": "0",
                                    "right": "0",
                                    "bottom": "0",
                                    "left": "0",
                                    "isLinked": true
                                },
                                "border_color": "#FFFFFF",
                                "border_radius": {
                                    "unit": "px",
                                    "top": "0",
                                    "right": "0",
                                    "bottom": "0",
                                    "left": "0",
                                    "isLinked": false
                                },
                                "text_padding": {
                                    "unit": "px",
                                    "top": "15",
                                    "right": "30",
                                    "bottom": "15",
                                    "left": "30",
                                    "isLinked": false
                                },
                                "_padding_tablet": {
                                    "unit": "px",
                                    "top": "0",
                                    "right": "0",
                                    "bottom": "0",
                                    "left": "0",
                                    "isLinked": false
                                },
                                "__globals__": {
                                    "typography_typography": "globals\/typography?id=accent",
                                    "hover_color": "globals\/colors?id=secondary",
                                    "button_text_color": "globals\/colors?id=primary",
                                    "background_color": "globals\/colors?id=f16cde7",
                                    "button_background_hover_color": "globals\/colors?id=accent",
                                    "border_color": "",
                                    "button_hover_border_color": ""
                                },
                                "_animation_delay": 800,
                                "align_mobile": "left"
                            },
                            "elements": [],
                            "isInner": false,
                            "widgetType": "button",
                            "elType": "widget"
                        }
                    ],
                    "isInner": false,
                    "elType": "column"
                }
            ],
            "isInner": false,
            "elType": "section"
        },
        {
            "id": "6b2d0f8a",
            "settings": {
                "content_width": {
                    "unit": "px",
                    "size": 1280,
                    "sizes": []
                },
                "structure": "40",
                "background_background": "classic",
                "__globals__": {
                    "background_color": "globals\/colors?id=primary"
                }
            },
            "elements": [
                {
                    "id": "1f2cbe21",
                    "settings": {
                        "_column_size": 25,
                        "_inline_size": null,
                        "_inline_size_tablet": 25,
                        "_inline_size_mobile": 50
                    },
                    "elements": [
                        {
                            "id": "cbc9766",
                            "settings": {
                                "ekit_icon_box_title_text": "Location",
                                "ekit_icon_box_description_text": "Jl. Soekarno-hatta KM 03",
                                "ekit_icon_box_btn_text": "Learn more ",
                                "ekit_icon_box_badge_title": "EXCLUSIVE",
                                "ekit_icon_box_infobox_bg_padding": {
                                    "unit": "px",
                                    "top": "0",
                                    "right": "0",
                                    "bottom": "0",
                                    "left": "0",
                                    "isLinked": false
                                },
                                "ekit_icon_box_margin": {
                                    "unit": "px",
                                    "top": "0",
                                    "right": "0",
                                    "bottom": "0",
                                    "left": "20",
                                    "isLinked": false,
                                    "size": 15
                                },
                                "__globals__": {
                                    "ekit_icon_title_typography_group_typography": "globals\/typography?id=db1e030",
                                    "ekit_icon_description_typography_group_typography": "globals\/typography?id=58f3e1d",
                                    "ekit_icon_box_iocnbox_border_group_color": "globals\/colors?id=659f957",
                                    "ekit_icon_box_infobox_bg_hover_group_color": "",
                                    "ekit_icon_title_color": "globals\/colors?id=secondary",
                                    "ekit_icon_title_color_hover": "globals\/colors?id=f16cde7",
                                    "ekit_icon_box_infobox_bg_hover_group_color_b": "",
                                    "ekit_icon_box_icon_secondary_color_normal": "globals\/colors?id=secondary",
                                    "ekit_icon_box_icon_primary_color": "globals\/colors?id=primary",
                                    "ekit_icon_description_color": "globals\/colors?id=495d27d",
                                    "ekit_icon_description_color_hover": "globals\/colors?id=495d27d",
                                    "ekit_icon_box_hover_background_color": "globals\/colors?id=f16cde7"
                                },
                                "ekit_icon_box_header_image": {
                                    "url": "https:\/\/finance.1onestrong.com\/wp-content\/uploads\/2022\/09\/icon026.png",
                                    "id": 556,
                                    "alt": "",
                                    "source": "library"
                                },
                                "ekit_icon_box_infobox_bg_group_background": "classic",
                                "ekit_icon_box_infobox_bg_group_color": "#02010100",
                                "ekit_icon_box_infobox_box_shadow_group_box_shadow": {
                                    "horizontal": 10,
                                    "vertical": 10,
                                    "blur": 20,
                                    "spread": 0,
                                    "color": "rgba(108.84375000000001, 108.84375000000001, 108.84375000000001, 0.13)"
                                },
                                "ekit_icon_box_infobox_border_radious": {
                                    "unit": "px",
                                    "top": "0",
                                    "right": "0",
                                    "bottom": "0",
                                    "left": "0",
                                    "isLinked": true
                                },
                                "ekit_icon_box_infobox_bg_hover_group_color": "#FFFFFF",
                                "ekit_icon_box_icon_width": {
                                    "unit": "px",
                                    "size": 35,
                                    "sizes": []
                                },
                                "_animation": "fadeIn",
                                "animation_duration": "fast",
                                "_animation_delay": 200,
                                "ekit_icon_box_iocnbox_border_group_color": "#A7A7A76B",
                                "ekit_icon_box_infobox_bg_hover_group_color_b": "#E6E5E369",
                                "ekit_icon_title_color": "#141414",
                                "ekit_icon_title_color_hover": "#1D7377",
                                "ekit_icon_box_header_icons": {
                                    "value": "fas fa-map-marker-alt",
                                    "library": "fa-solid"
                                },
                                "ekit_icon_box_icon_position": "left",
                                "ekit_icon_box_text_align_responsive": "left",
                                "ekit_icon_box_iocnbox_border_group_border": "",
                                "ekit_icon_title_bottom_space": {
                                    "unit": "px",
                                    "top": "0",
                                    "right": "0",
                                    "bottom": "0",
                                    "left": "0",
                                    "isLinked": false,
                                    "size": "20"
                                },
                                "ekit_icon_title_padding": {
                                    "unit": "px",
                                    "top": "0",
                                    "right": "0",
                                    "bottom": "0",
                                    "left": "20",
                                    "isLinked": ""
                                },
                                "ekit_icon_icon_size": {
                                    "unit": "px",
                                    "size": 20,
                                    "sizes": []
                                },
                                "ekit_icon_box_icon_height": {
                                    "unit": "px",
                                    "size": 35,
                                    "sizes": []
                                },
                                "ekit_icon_box_icon_line_height": {
                                    "unit": "px",
                                    "size": 40,
                                    "sizes": []
                                },
                                "ekit_icon_box_content_valign": "middle",
                                "ekit_icon_title_padding_mobile": {
                                    "unit": "px",
                                    "top": "0",
                                    "right": "0",
                                    "bottom": "0",
                                    "left": "10",
                                    "isLinked": false
                                },
                                "ekit_icon_box_margin_mobile": {
                                    "unit": "px",
                                    "top": "0",
                                    "right": "0",
                                    "bottom": "0",
                                    "left": "10",
                                    "isLinked": false
                                },
                                "ekit_icon_icon_size_tablet": {
                                    "unit": "px",
                                    "size": 17,
                                    "sizes": []
                                },
                                "ekit_icon_icon_size_mobile": {
                                    "unit": "px",
                                    "size": 14,
                                    "sizes": []
                                },
                                "ekit_icon_box_icon_height_tablet": {
                                    "unit": "px",
                                    "size": 30,
                                    "sizes": []
                                },
                                "ekit_icon_box_icon_height_mobile": {
                                    "unit": "px",
                                    "size": 26,
                                    "sizes": []
                                },
                                "ekit_icon_box_icon_width_tablet": {
                                    "unit": "px",
                                    "size": 30,
                                    "sizes": []
                                },
                                "ekit_icon_box_icon_width_mobile": {
                                    "unit": "px",
                                    "size": 26,
                                    "sizes": []
                                },
                                "ekit_icon_box_icon_line_height_tablet": {
                                    "unit": "px",
                                    "size": 31,
                                    "sizes": []
                                },
                                "ekit_icon_box_icon_line_height_mobile": {
                                    "unit": "px",
                                    "size": 27,
                                    "sizes": []
                                },
                                "_margin": {
                                    "unit": "%",
                                    "top": "10",
                                    "right": "0",
                                    "bottom": "0",
                                    "left": "15",
                                    "isLinked": false
                                },
                                "_margin_tablet": {
                                    "unit": "%",
                                    "top": "5",
                                    "right": "0",
                                    "bottom": "0",
                                    "left": "0",
                                    "isLinked": false
                                },
                                "_margin_mobile": {
                                    "unit": "%",
                                    "top": "0",
                                    "right": "0",
                                    "bottom": "0",
                                    "left": "0",
                                    "isLinked": false
                                }
                            },
                            "elements": [],
                            "isInner": false,
                            "widgetType": "elementskit-icon-box",
                            "elType": "widget"
                        }
                    ],
                    "isInner": false,
                    "elType": "column"
                },
                {
                    "id": "3cba8289",
                    "settings": {
                        "_column_size": 25,
                        "_inline_size": null,
                        "_inline_size_tablet": 25,
                        "_inline_size_mobile": 50
                    },
                    "elements": [
                        {
                            "id": "7d116950",
                            "settings": {
                                "ekit_icon_box_title_text": "Phone",
                                "ekit_icon_box_description_text": "+187-5840-8547",
                                "ekit_icon_box_btn_text": "Learn more ",
                                "ekit_icon_box_badge_title": "EXCLUSIVE",
                                "ekit_icon_box_infobox_bg_padding": {
                                    "unit": "px",
                                    "top": "0",
                                    "right": "0",
                                    "bottom": "0",
                                    "left": "0",
                                    "isLinked": false
                                },
                                "ekit_icon_box_margin": {
                                    "unit": "px",
                                    "top": "0",
                                    "right": "0",
                                    "bottom": "0",
                                    "left": "20",
                                    "isLinked": false,
                                    "size": 15
                                },
                                "__globals__": {
                                    "ekit_icon_title_typography_group_typography": "globals\/typography?id=db1e030",
                                    "ekit_icon_description_typography_group_typography": "globals\/typography?id=58f3e1d",
                                    "ekit_icon_box_iocnbox_border_group_color": "globals\/colors?id=659f957",
                                    "ekit_icon_box_infobox_bg_hover_group_color": "",
                                    "ekit_icon_title_color": "globals\/colors?id=secondary",
                                    "ekit_icon_title_color_hover": "globals\/colors?id=f16cde7",
                                    "ekit_icon_box_infobox_bg_hover_group_color_b": "",
                                    "ekit_icon_box_icon_secondary_color_normal": "globals\/colors?id=secondary",
                                    "ekit_icon_box_icon_primary_color": "globals\/colors?id=primary",
                                    "ekit_icon_description_color": "globals\/colors?id=495d27d",
                                    "ekit_icon_description_color_hover": "globals\/colors?id=495d27d",
                                    "ekit_icon_box_hover_background_color": "globals\/colors?id=f16cde7"
                                },
                                "ekit_icon_box_header_image": {
                                    "url": "https:\/\/finance.1onestrong.com\/wp-content\/uploads\/2022\/09\/icon026.png",
                                    "id": 556,
                                    "alt": "",
                                    "source": "library"
                                },
                                "ekit_icon_box_infobox_bg_group_background": "classic",
                                "ekit_icon_box_infobox_bg_group_color": "#02010100",
                                "ekit_icon_box_infobox_box_shadow_group_box_shadow": {
                                    "horizontal": 10,
                                    "vertical": 10,
                                    "blur": 20,
                                    "spread": 0,
                                    "color": "rgba(108.84375000000001, 108.84375000000001, 108.84375000000001, 0.13)"
                                },
                                "ekit_icon_box_infobox_border_radious": {
                                    "unit": "px",
                                    "top": "0",
                                    "right": "0",
                                    "bottom": "0",
                                    "left": "0",
                                    "isLinked": true
                                },
                                "ekit_icon_box_infobox_bg_hover_group_color": "#FFFFFF",
                                "ekit_icon_box_icon_width": {
                                    "unit": "px",
                                    "size": 35,
                                    "sizes": []
                                },
                                "_animation": "fadeIn",
                                "animation_duration": "fast",
                                "_animation_delay": 300,
                                "ekit_icon_box_iocnbox_border_group_color": "#A7A7A76B",
                                "ekit_icon_box_infobox_bg_hover_group_color_b": "#E6E5E369",
                                "ekit_icon_title_color": "#141414",
                                "ekit_icon_title_color_hover": "#1D7377",
                                "ekit_icon_box_header_icons": {
                                    "value": "fas fa-map-marker-alt",
                                    "library": "fa-solid"
                                },
                                "ekit_icon_box_icon_position": "left",
                                "ekit_icon_box_text_align_responsive": "left",
                                "ekit_icon_box_iocnbox_border_group_border": "",
                                "ekit_icon_title_bottom_space": {
                                    "unit": "px",
                                    "top": "0",
                                    "right": "0",
                                    "bottom": "0",
                                    "left": "0",
                                    "isLinked": false,
                                    "size": "20"
                                },
                                "ekit_icon_title_padding": {
                                    "unit": "px",
                                    "top": "0",
                                    "right": "0",
                                    "bottom": "0",
                                    "left": "20",
                                    "isLinked": ""
                                },
                                "ekit_icon_icon_size": {
                                    "unit": "px",
                                    "size": 20,
                                    "sizes": []
                                },
                                "ekit_icon_box_icon_height": {
                                    "unit": "px",
                                    "size": 35,
                                    "sizes": []
                                },
                                "ekit_icon_box_icon_line_height": {
                                    "unit": "px",
                                    "size": 40,
                                    "sizes": []
                                },
                                "ekit_icon_box_content_valign": "middle",
                                "ekit_icon_title_padding_mobile": {
                                    "unit": "px",
                                    "top": "0",
                                    "right": "0",
                                    "bottom": "0",
                                    "left": "10",
                                    "isLinked": false
                                },
                                "ekit_icon_box_margin_mobile": {
                                    "unit": "px",
                                    "top": "0",
                                    "right": "0",
                                    "bottom": "0",
                                    "left": "10",
                                    "isLinked": false
                                },
                                "ekit_icon_icon_size_tablet": {
                                    "unit": "px",
                                    "size": 17,
                                    "sizes": []
                                },
                                "ekit_icon_icon_size_mobile": {
                                    "unit": "px",
                                    "size": 14,
                                    "sizes": []
                                },
                                "ekit_icon_box_icon_height_tablet": {
                                    "unit": "px",
                                    "size": 30,
                                    "sizes": []
                                },
                                "ekit_icon_box_icon_height_mobile": {
                                    "unit": "px",
                                    "size": 26,
                                    "sizes": []
                                },
                                "ekit_icon_box_icon_width_tablet": {
                                    "unit": "px",
                                    "size": 30,
                                    "sizes": []
                                },
                                "ekit_icon_box_icon_width_mobile": {
                                    "unit": "px",
                                    "size": 26,
                                    "sizes": []
                                },
                                "ekit_icon_box_icon_line_height_tablet": {
                                    "unit": "px",
                                    "size": 31,
                                    "sizes": []
                                },
                                "ekit_icon_box_icon_line_height_mobile": {
                                    "unit": "px",
                                    "size": 27,
                                    "sizes": []
                                },
                                "_margin": {
                                    "unit": "%",
                                    "top": "10",
                                    "right": "0",
                                    "bottom": "0",
                                    "left": "15",
                                    "isLinked": false
                                },
                                "_margin_tablet": {
                                    "unit": "%",
                                    "top": "5",
                                    "right": "0",
                                    "bottom": "0",
                                    "left": "0",
                                    "isLinked": false
                                },
                                "_margin_mobile": {
                                    "unit": "%",
                                    "top": "0",
                                    "right": "0",
                                    "bottom": "0",
                                    "left": "0",
                                    "isLinked": false
                                }
                            },
                            "elements": [],
                            "isInner": false,
                            "widgetType": "elementskit-icon-box",
                            "elType": "widget"
                        }
                    ],
                    "isInner": false,
                    "elType": "column"
                },
                {
                    "id": "21de82ae",
                    "settings": {
                        "_column_size": 25,
                        "_inline_size": null,
                        "_inline_size_tablet": 25,
                        "_inline_size_mobile": 50,
                        "margin_tablet": {
                            "unit": "%",
                            "top": "0",
                            "right": "0",
                            "bottom": "0",
                            "left": "0",
                            "isLinked": false
                        },
                        "margin_mobile": {
                            "unit": "%",
                            "top": "",
                            "right": "",
                            "bottom": "",
                            "left": "",
                            "isLinked": true
                        }
                    },
                    "elements": [
                        {
                            "id": "1ca4b889",
                            "settings": {
                                "ekit_icon_box_title_text": "Email",
                                "ekit_icon_box_description_text": "finance@mail.com",
                                "ekit_icon_box_btn_text": "Learn more ",
                                "ekit_icon_box_badge_title": "EXCLUSIVE",
                                "ekit_icon_box_infobox_bg_padding": {
                                    "unit": "px",
                                    "top": "0",
                                    "right": "0",
                                    "bottom": "0",
                                    "left": "0",
                                    "isLinked": false
                                },
                                "ekit_icon_box_margin": {
                                    "unit": "px",
                                    "top": "0",
                                    "right": "0",
                                    "bottom": "0",
                                    "left": "20",
                                    "isLinked": false,
                                    "size": 15
                                },
                                "__globals__": {
                                    "ekit_icon_title_typography_group_typography": "globals\/typography?id=db1e030",
                                    "ekit_icon_description_typography_group_typography": "globals\/typography?id=58f3e1d",
                                    "ekit_icon_box_iocnbox_border_group_color": "globals\/colors?id=659f957",
                                    "ekit_icon_box_infobox_bg_hover_group_color": "",
                                    "ekit_icon_title_color": "globals\/colors?id=secondary",
                                    "ekit_icon_title_color_hover": "globals\/colors?id=f16cde7",
                                    "ekit_icon_box_infobox_bg_hover_group_color_b": "",
                                    "ekit_icon_box_icon_secondary_color_normal": "globals\/colors?id=secondary",
                                    "ekit_icon_box_icon_primary_color": "globals\/colors?id=primary",
                                    "ekit_icon_description_color": "globals\/colors?id=495d27d",
                                    "ekit_icon_description_color_hover": "globals\/colors?id=495d27d",
                                    "ekit_icon_box_hover_background_color": "globals\/colors?id=f16cde7"
                                },
                                "ekit_icon_box_header_image": {
                                    "url": "https:\/\/finance.1onestrong.com\/wp-content\/uploads\/2022\/09\/icon026.png",
                                    "id": 556,
                                    "alt": "",
                                    "source": "library"
                                },
                                "ekit_icon_box_infobox_bg_group_background": "classic",
                                "ekit_icon_box_infobox_bg_group_color": "#02010100",
                                "ekit_icon_box_infobox_box_shadow_group_box_shadow": {
                                    "horizontal": 10,
                                    "vertical": 10,
                                    "blur": 20,
                                    "spread": 0,
                                    "color": "rgba(108.84375000000001, 108.84375000000001, 108.84375000000001, 0.13)"
                                },
                                "ekit_icon_box_infobox_border_radious": {
                                    "unit": "px",
                                    "top": "0",
                                    "right": "0",
                                    "bottom": "0",
                                    "left": "0",
                                    "isLinked": true
                                },
                                "ekit_icon_box_infobox_bg_hover_group_color": "#FFFFFF",
                                "ekit_icon_box_icon_width": {
                                    "unit": "px",
                                    "size": 35,
                                    "sizes": []
                                },
                                "_animation": "fadeIn",
                                "animation_duration": "fast",
                                "_animation_delay": 400,
                                "ekit_icon_box_iocnbox_border_group_color": "#A7A7A76B",
                                "ekit_icon_box_infobox_bg_hover_group_color_b": "#E6E5E369",
                                "ekit_icon_title_color": "#141414",
                                "ekit_icon_title_color_hover": "#1D7377",
                                "ekit_icon_box_header_icons": {
                                    "value": "fas fa-map-marker-alt",
                                    "library": "fa-solid"
                                },
                                "ekit_icon_box_icon_position": "left",
                                "ekit_icon_box_text_align_responsive": "left",
                                "ekit_icon_box_iocnbox_border_group_border": "",
                                "ekit_icon_title_bottom_space": {
                                    "unit": "px",
                                    "top": "0",
                                    "right": "0",
                                    "bottom": "0",
                                    "left": "0",
                                    "isLinked": false,
                                    "size": "20"
                                },
                                "ekit_icon_title_padding": {
                                    "unit": "px",
                                    "top": "0",
                                    "right": "0",
                                    "bottom": "0",
                                    "left": "20",
                                    "isLinked": ""
                                },
                                "ekit_icon_icon_size": {
                                    "unit": "px",
                                    "size": 20,
                                    "sizes": []
                                },
                                "ekit_icon_box_icon_height": {
                                    "unit": "px",
                                    "size": 35,
                                    "sizes": []
                                },
                                "ekit_icon_box_icon_line_height": {
                                    "unit": "px",
                                    "size": 40,
                                    "sizes": []
                                },
                                "ekit_icon_box_content_valign": "middle",
                                "ekit_icon_title_padding_mobile": {
                                    "unit": "px",
                                    "top": "0",
                                    "right": "0",
                                    "bottom": "0",
                                    "left": "10",
                                    "isLinked": false
                                },
                                "ekit_icon_box_margin_mobile": {
                                    "unit": "px",
                                    "top": "0",
                                    "right": "0",
                                    "bottom": "0",
                                    "left": "10",
                                    "isLinked": false
                                },
                                "ekit_icon_icon_size_tablet": {
                                    "unit": "px",
                                    "size": 17,
                                    "sizes": []
                                },
                                "ekit_icon_icon_size_mobile": {
                                    "unit": "px",
                                    "size": 14,
                                    "sizes": []
                                },
                                "ekit_icon_box_icon_height_tablet": {
                                    "unit": "px",
                                    "size": 30,
                                    "sizes": []
                                },
                                "ekit_icon_box_icon_height_mobile": {
                                    "unit": "px",
                                    "size": 26,
                                    "sizes": []
                                },
                                "ekit_icon_box_icon_width_tablet": {
                                    "unit": "px",
                                    "size": 30,
                                    "sizes": []
                                },
                                "ekit_icon_box_icon_width_mobile": {
                                    "unit": "px",
                                    "size": 26,
                                    "sizes": []
                                },
                                "ekit_icon_box_icon_line_height_tablet": {
                                    "unit": "px",
                                    "size": 31,
                                    "sizes": []
                                },
                                "ekit_icon_box_icon_line_height_mobile": {
                                    "unit": "px",
                                    "size": 27,
                                    "sizes": []
                                },
                                "_margin": {
                                    "unit": "%",
                                    "top": "10",
                                    "right": "0",
                                    "bottom": "0",
                                    "left": "15",
                                    "isLinked": false
                                },
                                "_margin_tablet": {
                                    "unit": "%",
                                    "top": "5",
                                    "right": "0",
                                    "bottom": "0",
                                    "left": "0",
                                    "isLinked": false
                                },
                                "_margin_mobile": {
                                    "unit": "%",
                                    "top": "0",
                                    "right": "0",
                                    "bottom": "0",
                                    "left": "0",
                                    "isLinked": false
                                }
                            },
                            "elements": [],
                            "isInner": false,
                            "widgetType": "elementskit-icon-box",
                            "elType": "widget"
                        }
                    ],
                    "isInner": false,
                    "elType": "column"
                },
                {
                    "id": "48bd8f71",
                    "settings": {
                        "_column_size": 25,
                        "_inline_size": null,
                        "_inline_size_tablet": 25,
                        "_inline_size_mobile": 50,
                        "margin_tablet": {
                            "unit": "%",
                            "top": "0",
                            "right": "0",
                            "bottom": "0",
                            "left": "0",
                            "isLinked": false
                        },
                        "margin_mobile": {
                            "unit": "%",
                            "top": "",
                            "right": "",
                            "bottom": "",
                            "left": "",
                            "isLinked": true
                        },
                        "animation": "fadeIn",
                        "animation_duration": "fast",
                        "animation_delay": 500
                    },
                    "elements": [
                        {
                            "id": "357be45e",
                            "settings": {
                                "title": "Social Media",
                                "_margin": {
                                    "unit": "%",
                                    "top": "4",
                                    "right": "0",
                                    "bottom": "0",
                                    "left": "15",
                                    "isLinked": false
                                },
                                "_margin_tablet": {
                                    "unit": "%",
                                    "top": "0",
                                    "right": "0",
                                    "bottom": "0",
                                    "left": "0",
                                    "isLinked": false
                                },
                                "_margin_mobile": {
                                    "unit": "%",
                                    "top": "",
                                    "right": "",
                                    "bottom": "",
                                    "left": "",
                                    "isLinked": true
                                },
                                "__globals__": {
                                    "title_color": "globals\/colors?id=secondary",
                                    "typography_typography": "globals\/typography?id=db1e030"
                                }
                            },
                            "elements": [],
                            "isInner": false,
                            "widgetType": "heading",
                            "elType": "widget"
                        },
                        {
                            "id": "47a62325",
                            "settings": {
                                "social_icon_list": [
                                    {
                                        "social_icon": {
                                            "value": "fab fa-facebook-f",
                                            "library": "fa-brands"
                                        },
                                        "_id": "e467ab9"
                                    },
                                    {
                                        "social_icon": {
                                            "value": "fab fa-twitter",
                                            "library": "fa-brands"
                                        },
                                        "_id": "74a725e"
                                    },
                                    {
                                        "social_icon": {
                                            "value": "icon icon-linkedin",
                                            "library": "ekiticons"
                                        },
                                        "_id": "379aa14"
                                    },
                                    {
                                        "social_icon": {
                                            "value": "fab fa-instagram",
                                            "library": "fa-brands"
                                        },
                                        "_id": "fd426f9"
                                    }
                                ],
                                "shape": "square",
                                "align": "left",
                                "icon_color": "custom",
                                "icon_size": {
                                    "unit": "px",
                                    "size": 14,
                                    "sizes": []
                                },
                                "icon_padding": {
                                    "unit": "em",
                                    "size": 0.40000000000000002220446049250313080847263336181640625,
                                    "sizes": []
                                },
                                "icon_spacing": {
                                    "unit": "px",
                                    "size": 20,
                                    "sizes": []
                                },
                                "__globals__": {
                                    "icon_secondary_color": "globals\/colors?id=primary",
                                    "hover_primary_color": "globals\/colors?id=f16cde7",
                                    "hover_secondary_color": "globals\/colors?id=primary",
                                    "icon_primary_color": "globals\/colors?id=secondary"
                                },
                                "align_tablet": "left",
                                "icon_size_tablet": {
                                    "unit": "px",
                                    "size": 14,
                                    "sizes": []
                                },
                                "icon_spacing_tablet": {
                                    "unit": "px",
                                    "size": 9,
                                    "sizes": []
                                },
                                "icon_spacing_mobile": {
                                    "unit": "px",
                                    "size": 7,
                                    "sizes": []
                                },
                                "_margin": {
                                    "unit": "%",
                                    "top": "-5",
                                    "right": "0",
                                    "bottom": "0",
                                    "left": "15",
                                    "isLinked": false
                                },
                                "_margin_tablet": {
                                    "unit": "%",
                                    "top": "-7",
                                    "right": "0",
                                    "bottom": "0",
                                    "left": "0",
                                    "isLinked": false
                                },
                                "_margin_mobile": {
                                    "unit": "%",
                                    "top": "",
                                    "right": "",
                                    "bottom": "",
                                    "left": "",
                                    "isLinked": true
                                }
                            },
                            "elements": [],
                            "isInner": false,
                            "widgetType": "social-icons",
                            "elType": "widget"
                        }
                    ],
                    "isInner": false,
                    "elType": "column"
                }
            ],
            "isInner": false,
            "elType": "section"
        },
        {
            "id": "59cda5bd",
            "settings": {
                "background_background": "classic",
                "background_overlay_background": "classic",
                "background_overlay_image": {
                    "url": "",
                    "id": "",
                    "alt": "",
                    "source": "library"
                },
                "background_overlay_position": "center center",
                "background_overlay_size": "cover",
                "background_overlay_opacity": {
                    "unit": "px",
                    "size": 0.84999999999999997779553950749686919152736663818359375,
                    "sizes": []
                },
                "padding": {
                    "unit": "em",
                    "top": "3",
                    "right": "0",
                    "bottom": "0",
                    "left": "0",
                    "isLinked": false
                },
                "__globals__": {
                    "background_color": "globals\/colors?id=primary",
                    "background_overlay_color": "globals\/colors?id=f7da08e"
                },
                "background_overlay_image_tablet": {
                    "url": "http:\/\/askproject.net\/wryter\/wp-content\/uploads\/sites\/36\/2021\/10\/bg_8.png",
                    "id": 819,
                    "alt": "",
                    "source": "library"
                },
                "background_overlay_image_mobile": {
                    "url": "http:\/\/askproject.net\/floristy\/wp-content\/uploads\/sites\/35\/2021\/10\/bg_7.png",
                    "id": 497,
                    "alt": "",
                    "source": "library"
                },
                "padding_tablet": {
                    "unit": "px",
                    "top": "70",
                    "right": "30",
                    "bottom": "0",
                    "left": "30",
                    "isLinked": false
                },
                "padding_mobile": {
                    "unit": "px",
                    "top": "60",
                    "right": "20",
                    "bottom": "0",
                    "left": "20",
                    "isLinked": false
                },
                "background_image": {
                    "url": "",
                    "id": "",
                    "alt": "",
                    "source": "library"
                },
                "background_image_tablet": {
                    "url": "",
                    "id": "",
                    "alt": "",
                    "source": "library"
                },
                "background_position": "center center",
                "background_size": "cover",
                "content_width": {
                    "unit": "px",
                    "size": 1280,
                    "sizes": []
                }
            },
            "elements": [
                {
                    "id": "4580c6f5",
                    "settings": {
                        "_column_size": 100,
                        "_inline_size": null,
                        "padding": {
                            "unit": "px",
                            "top": "0",
                            "right": "0",
                            "bottom": "0",
                            "left": "0",
                            "isLinked": false
                        }
                    },
                    "elements": [
                        {
                            "id": "6353a9a",
                            "settings": {
                                "content_width": {
                                    "unit": "px",
                                    "size": 1280,
                                    "sizes": []
                                },
                                "structure": "20",
                                "border_border": "solid",
                                "border_width": {
                                    "unit": "px",
                                    "top": "1",
                                    "right": "0",
                                    "bottom": "0",
                                    "left": "0",
                                    "isLinked": false
                                },
                                "padding": {
                                    "unit": "px",
                                    "top": "20",
                                    "right": "0",
                                    "bottom": "20",
                                    "left": "0",
                                    "isLinked": false
                                },
                                "__globals__": {
                                    "border_color": ""
                                },
                                "padding_tablet": {
                                    "unit": "px",
                                    "top": "20",
                                    "right": "0",
                                    "bottom": "20",
                                    "left": "0",
                                    "isLinked": false
                                },
                                "reverse_order_mobile": "reverse-mobile",
                                "border_color": "#FFFFFF2E"
                            },
                            "elements": [
                                {
                                    "id": "53173954",
                                    "settings": {
                                        "_column_size": 50,
                                        "_inline_size": null,
                                        "content_position": "center",
                                        "padding": {
                                            "unit": "px",
                                            "top": "0",
                                            "right": "0",
                                            "bottom": "0",
                                            "left": "0",
                                            "isLinked": false
                                        },
                                        "padding_mobile": {
                                            "unit": "px",
                                            "top": "0",
                                            "right": "0",
                                            "bottom": "0",
                                            "left": "0",
                                            "isLinked": false
                                        }
                                    },
                                    "elements": [
                                        {
                                            "id": "73d784e9",
                                            "settings": {
                                                "title": "2022, All Rights Designed by OneContributor",
                                                "header_size": "p",
                                                "align_mobile": "center",
                                                "__globals__": {
                                                    "typography_typography": "globals\/typography?id=58f3e1d",
                                                    "title_color": "globals\/colors?id=secondary"
                                                }
                                            },
                                            "elements": [],
                                            "isInner": false,
                                            "widgetType": "heading",
                                            "elType": "widget"
                                        }
                                    ],
                                    "isInner": true,
                                    "elType": "column"
                                },
                                {
                                    "id": "50dd35f1",
                                    "settings": {
                                        "_column_size": 50,
                                        "_inline_size": null,
                                        "content_position": "center",
                                        "align": "flex-end",
                                        "align_mobile": "center",
                                        "padding": {
                                            "unit": "px",
                                            "top": "0",
                                            "right": "0",
                                            "bottom": "0",
                                            "left": "0",
                                            "isLinked": false
                                        },
                                        "padding_mobile": {
                                            "unit": "px",
                                            "top": "0",
                                            "right": "0",
                                            "bottom": "15",
                                            "left": "0",
                                            "isLinked": false
                                        }
                                    },
                                    "elements": [
                                        {
                                            "id": "25a71933",
                                            "settings": {
                                                "text": "Privacy Policy",
                                                "background_color": "#0A6CFF00",
                                                "border_radius": {
                                                    "unit": "px",
                                                    "top": "0",
                                                    "right": "0",
                                                    "bottom": "0",
                                                    "left": "0",
                                                    "isLinked": false
                                                },
                                                "text_padding": {
                                                    "unit": "px",
                                                    "top": "0",
                                                    "right": "0",
                                                    "bottom": "0",
                                                    "left": "0",
                                                    "isLinked": false
                                                },
                                                "_margin": {
                                                    "unit": "px",
                                                    "top": "0",
                                                    "right": "20",
                                                    "bottom": "0",
                                                    "left": "0",
                                                    "isLinked": false
                                                },
                                                "_element_width": "auto",
                                                "__globals__": {
                                                    "typography_typography": "globals\/typography?id=58f3e1d",
                                                    "hover_color": "globals\/colors?id=accent",
                                                    "button_text_color": ""
                                                },
                                                "border_border": "solid",
                                                "border_width": {
                                                    "unit": "px",
                                                    "top": "0",
                                                    "right": "0",
                                                    "bottom": "0",
                                                    "left": "0",
                                                    "isLinked": false
                                                },
                                                "button_text_color": "#FFFFFF"
                                            },
                                            "elements": [],
                                            "isInner": false,
                                            "widgetType": "button",
                                            "elType": "widget"
                                        },
                                        {
                                            "id": "4c4ae06a",
                                            "settings": {
                                                "text": "Terms & Services",
                                                "background_color": "#0A6CFF00",
                                                "border_radius": {
                                                    "unit": "px",
                                                    "top": "0",
                                                    "right": "0",
                                                    "bottom": "0",
                                                    "left": "0",
                                                    "isLinked": false
                                                },
                                                "text_padding": {
                                                    "unit": "px",
                                                    "top": "0",
                                                    "right": "0",
                                                    "bottom": "0",
                                                    "left": "0",
                                                    "isLinked": false
                                                },
                                                "_element_width": "auto",
                                                "__globals__": {
                                                    "typography_typography": "globals\/typography?id=58f3e1d",
                                                    "hover_color": "globals\/colors?id=accent",
                                                    "button_text_color": ""
                                                },
                                                "border_border": "solid",
                                                "border_width": {
                                                    "unit": "px",
                                                    "top": "0",
                                                    "right": "0",
                                                    "bottom": "0",
                                                    "left": "0",
                                                    "isLinked": false
                                                },
                                                "button_text_color": "#FFFFFF",
                                                "_padding": {
                                                    "unit": "px",
                                                    "top": "0",
                                                    "right": "0",
                                                    "bottom": "0",
                                                    "left": "0",
                                                    "isLinked": false
                                                }
                                            },
                                            "elements": [],
                                            "isInner": false,
                                            "widgetType": "button",
                                            "elType": "widget"
                                        }
                                    ],
                                    "isInner": true,
                                    "elType": "column"
                                }
                            ],
                            "isInner": true,
                            "elType": "section"
                        }
                    ],
                    "isInner": false,
                    "elType": "column"
                }
            ],
            "isInner": false,
            "elType": "section"
        }
    ],
    "page_settings": {
        "hide_title": "yes",
        "template": "elementor_canvas"
    }
}