{
    "version": "0.4",
    "title": "Global Kit Styles",
    "type": "section",
    "metadata": {
        "template_type": "global-styles",
        "include_in_zip": "1",
        "elementor_pro_required": null,
        "additional_template_information": [
            "These are the global theme styles configured through the Elementor Theme Styles area."
        ],
        "wp_page_template": "default"
    },
    "content": [],
    "page_settings": {
        "system_colors": [
            {
                "_id": "primary",
                "title": "Primary",
                "color": "#141414"
            },
            {
                "_id": "secondary",
                "title": "Secondary",
                "color": "#EEEDEC"
            },
            {
                "_id": "text",
                "title": "Text",
                "color": "#5B5B5B"
            },
            {
                "_id": "accent",
                "title": "Accent",
                "color": "#1D7377"
            }
        ],
        "custom_colors": [
            {
                "_id": "495d27d",
                "title": "Background 01",
                "color": "#F3F3F4"
            },
            {
                "_id": "a567df4",
                "title": "Background 02",
                "color": "#FFFFFF"
            },
            {
                "_id": "39dc25c",
                "title": "#0F242C",
                "color": "#0F242C"
            },
            {
                "_id": "f16cde7",
                "title": "#C7FF06",
                "color": "#C7FF06"
            },
            {
                "_id": "b469997",
                "title": "Button ",
                "color": "#00ADB6"
            },
            {
                "_id": "c4ac2bf",
                "title": "Border 01",
                "color": "#00ADB66B"
            },
            {
                "_id": "659f957",
                "title": "Border 02",
                "color": "#A7A7A76B"
            }
        ],
        "system_typography": [
            {
                "_id": "primary",
                "title": "H1 Heading",
                "typography_typography": "custom",
                "typography_font_family": "Questrial",
                "typography_font_weight": "600",
                "typography_font_size": {
                    "unit": "px",
                    "size": 63,
                    "sizes": []
                },
                "typography_text_transform": "none",
                "typography_line_height": {
                    "unit": "em",
                    "size": 1.3000000000000000444089209850062616169452667236328125,
                    "sizes": []
                },
                "typography_font_size_tablet": {
                    "unit": "px",
                    "size": 52,
                    "sizes": []
                },
                "typography_font_size_mobile": {
                    "unit": "px",
                    "size": 45,
                    "sizes": []
                }
            },
            {
                "_id": "secondary",
                "title": "H2 Heading",
                "typography_typography": "custom",
                "typography_font_family": "Questrial",
                "typography_font_weight": "600",
                "typography_font_size": {
                    "unit": "px",
                    "size": 45,
                    "sizes": []
                },
                "typography_text_transform": "none",
                "typography_line_height": {
                    "unit": "em",
                    "size": 1.3000000000000000444089209850062616169452667236328125,
                    "sizes": []
                },
                "typography_font_size_tablet": {
                    "unit": "px",
                    "size": 36,
                    "sizes": []
                },
                "typography_font_size_mobile": {
                    "unit": "px",
                    "size": 32,
                    "sizes": []
                }
            },
            {
                "_id": "text",
                "title": "Text",
                "typography_typography": "custom",
                "typography_font_family": "DM Sans",
                "typography_font_weight": "400",
                "typography_font_size": {
                    "unit": "px",
                    "size": 15,
                    "sizes": []
                },
                "typography_text_transform": "none",
                "typography_line_height": {
                    "unit": "em",
                    "size": 1.8000000000000000444089209850062616169452667236328125,
                    "sizes": []
                },
                "typography_font_size_tablet": {
                    "unit": "px",
                    "size": 14,
                    "sizes": []
                },
                "typography_font_size_mobile": {
                    "unit": "px",
                    "size": 14,
                    "sizes": []
                }
            },
            {
                "_id": "accent",
                "title": "Button",
                "typography_typography": "custom",
                "typography_font_family": "Questrial",
                "typography_font_weight": "500",
                "typography_font_size": {
                    "unit": "px",
                    "size": 16,
                    "sizes": []
                },
                "typography_text_transform": "uppercase",
                "typography_text_decoration": "none",
                "typography_font_size_tablet": {
                    "unit": "px",
                    "size": 12,
                    "sizes": []
                },
                "typography_font_size_mobile": {
                    "unit": "px",
                    "size": 12,
                    "sizes": []
                }
            }
        ],
        "custom_typography": [
            {
                "typography_typography": "custom",
                "typography_font_family": "Questrial",
                "typography_font_size": {
                    "unit": "px",
                    "size": 24,
                    "sizes": []
                },
                "typography_font_size_tablet": {
                    "unit": "px",
                    "size": 22,
                    "sizes": []
                },
                "typography_font_size_mobile": {
                    "unit": "px",
                    "size": 21,
                    "sizes": []
                },
                "typography_font_weight": "600",
                "typography_text_transform": "none",
                "typography_line_height": {
                    "unit": "em",
                    "size": 1.3000000000000000444089209850062616169452667236328125,
                    "sizes": []
                },
                "typography_word_spacing": {
                    "unit": "em",
                    "size": "",
                    "sizes": []
                },
                "_id": "887363b",
                "title": "H3 "
            },
            {
                "typography_typography": "custom",
                "typography_font_family": "Questrial",
                "typography_font_size": {
                    "unit": "px",
                    "size": 21,
                    "sizes": []
                },
                "typography_font_size_tablet": {
                    "unit": "px",
                    "size": 19,
                    "sizes": []
                },
                "typography_font_size_mobile": {
                    "unit": "px",
                    "size": 19,
                    "sizes": []
                },
                "typography_font_weight": "600",
                "typography_text_transform": "none",
                "typography_line_height": {
                    "unit": "em",
                    "size": 1.600000000000000088817841970012523233890533447265625,
                    "sizes": []
                },
                "_id": "ef116fc",
                "title": "H4",
                "typography_letter_spacing": {
                    "unit": "px",
                    "size": 1,
                    "sizes": []
                }
            },
            {
                "typography_typography": "custom",
                "typography_font_family": "Questrial",
                "typography_font_size": {
                    "unit": "px",
                    "size": 19,
                    "sizes": []
                },
                "typography_font_size_tablet": {
                    "unit": "px",
                    "size": 17,
                    "sizes": []
                },
                "typography_font_size_mobile": {
                    "unit": "px",
                    "size": 17,
                    "sizes": []
                },
                "typography_font_weight": "600",
                "typography_text_transform": "none",
                "typography_line_height": {
                    "unit": "em",
                    "size": 1.600000000000000088817841970012523233890533447265625,
                    "sizes": []
                },
                "typography_word_spacing": {
                    "unit": "em",
                    "size": "",
                    "sizes": []
                },
                "_id": "db1e030",
                "title": "H5 "
            },
            {
                "typography_typography": "custom",
                "typography_font_family": "Questrial",
                "typography_font_size": {
                    "unit": "px",
                    "size": 15,
                    "sizes": []
                },
                "typography_font_size_tablet": {
                    "unit": "px",
                    "size": 14,
                    "sizes": []
                },
                "typography_font_weight": "600",
                "typography_line_height": {
                    "unit": "em",
                    "size": "",
                    "sizes": []
                },
                "typography_word_spacing": {
                    "unit": "em",
                    "size": "",
                    "sizes": []
                },
                "_id": "0d5e945",
                "title": "H6 "
            },
            {
                "typography_typography": "custom",
                "typography_font_family": "DM Sans",
                "typography_font_size": {
                    "unit": "px",
                    "size": 14,
                    "sizes": []
                },
                "typography_font_size_tablet": {
                    "unit": "px",
                    "size": 14,
                    "sizes": []
                },
                "typography_font_weight": "600",
                "typography_text_transform": "uppercase",
                "typography_line_height": {
                    "unit": "em",
                    "size": 1.8000000000000000444089209850062616169452667236328125,
                    "sizes": []
                },
                "typography_letter_spacing": {
                    "unit": "px",
                    "size": 4,
                    "sizes": []
                },
                "_id": "165ba3d",
                "title": "Accent Text"
            },
            {
                "typography_typography": "custom",
                "typography_font_family": "DM Sans",
                "typography_font_size": {
                    "unit": "px",
                    "size": 50,
                    "sizes": []
                },
                "typography_font_size_tablet": {
                    "unit": "px",
                    "size": 40,
                    "sizes": []
                },
                "typography_font_size_mobile": {
                    "unit": "px",
                    "size": 38,
                    "sizes": []
                },
                "typography_font_weight": "900",
                "typography_text_transform": "none",
                "typography_line_height": {
                    "unit": "em",
                    "size": 1.3000000000000000444089209850062616169452667236328125,
                    "sizes": []
                },
                "_id": "1d44c72",
                "title": "Counter"
            },
            {
                "typography_typography": "custom",
                "typography_font_family": "Questrial",
                "typography_font_size": {
                    "unit": "px",
                    "size": 14,
                    "sizes": []
                },
                "typography_font_weight": "600",
                "typography_text_transform": "uppercase",
                "typography_letter_spacing": {
                    "unit": "px",
                    "size": 1,
                    "sizes": []
                },
                "_id": "6aaa7b7",
                "title": "Header Menu"
            },
            {
                "typography_typography": "custom",
                "typography_font_family": "Questrial",
                "typography_font_size": {
                    "unit": "px",
                    "size": 15,
                    "sizes": []
                },
                "typography_font_weight": "400",
                "_id": "ec93f83",
                "title": "Header Submenu",
                "typography_line_height": {
                    "unit": "em",
                    "size": 1.8000000000000000444089209850062616169452667236328125,
                    "sizes": []
                }
            },
            {
                "typography_typography": "custom",
                "typography_font_family": "DM Sans",
                "typography_font_size": {
                    "unit": "px",
                    "size": 13,
                    "sizes": []
                },
                "typography_font_size_tablet": {
                    "unit": "px",
                    "size": 13,
                    "sizes": []
                },
                "typography_font_size_mobile": {
                    "unit": "px",
                    "size": 13,
                    "sizes": []
                },
                "typography_font_weight": "400",
                "typography_text_transform": "none",
                "typography_line_height": {
                    "unit": "em",
                    "size": 1.8000000000000000444089209850062616169452667236328125,
                    "sizes": []
                },
                "_id": "58f3e1d",
                "title": "Acent text"
            },
            {
                "typography_typography": "custom",
                "typography_font_family": "DM Sans",
                "typography_font_size": {
                    "unit": "px",
                    "size": 12,
                    "sizes": []
                },
                "typography_font_size_tablet": {
                    "unit": "px",
                    "size": 12,
                    "sizes": []
                },
                "typography_font_size_mobile": {
                    "unit": "px",
                    "size": 12,
                    "sizes": []
                },
                "typography_font_weight": "300",
                "typography_text_transform": "uppercase",
                "typography_text_decoration": "none",
                "typography_letter_spacing": {
                    "unit": "px",
                    "size": 0.5,
                    "sizes": []
                },
                "_id": "0ce7568",
                "title": "Button 02"
            },
            {
                "typography_typography": "custom",
                "typography_font_family": "Questrial",
                "typography_font_size": {
                    "unit": "px",
                    "size": 170,
                    "sizes": []
                },
                "typography_font_size_tablet": {
                    "unit": "px",
                    "size": 120,
                    "sizes": []
                },
                "typography_font_size_mobile": {
                    "unit": "px",
                    "size": 100,
                    "sizes": []
                },
                "typography_font_weight": "900",
                "typography_text_transform": "none",
                "typography_line_height": {
                    "unit": "em",
                    "size": 1.3000000000000000444089209850062616169452667236328125,
                    "sizes": []
                },
                "_id": "824b3e3",
                "title": "404 Title"
            }
        ],
        "default_generic_fonts": "Sans-serif",
        "page_title_selector": "h1.entry-title",
        "hello_footer_copyright_text": "All rights reserved",
        "activeItemIndex": 1,
        "viewport_md": 768,
        "viewport_lg": 1025,
        "body_background_background": "classic",
        "button_text_color": "#FFFFFF",
        "button_border_border": "solid",
        "button_border_width": {
            "unit": "px",
            "top": "0",
            "right": "0",
            "bottom": "0",
            "left": "0",
            "isLinked": false
        },
        "button_border_radius": {
            "unit": "px",
            "top": "0",
            "right": "0",
            "bottom": "0",
            "left": "0",
            "isLinked": false
        },
        "button_hover_text_color": "#FFFFFF",
        "button_padding": {
            "unit": "px",
            "top": "15",
            "right": "30",
            "bottom": "15",
            "left": "30",
            "isLinked": false
        },
        "form_field_border_border": "solid",
        "form_field_border_width": {
            "unit": "px",
            "top": "0",
            "right": "0",
            "bottom": "0",
            "left": "0",
            "isLinked": false
        },
        "form_field_border_radius": {
            "unit": "px",
            "top": "0",
            "right": "0",
            "bottom": "0",
            "left": "0",
            "isLinked": false
        },
        "form_field_padding": {
            "unit": "px",
            "top": "14",
            "right": "20",
            "bottom": "14",
            "left": "20",
            "isLinked": false
        },
        "__globals__": {
            "body_color": "globals\/colors?id=text",
            "body_typography_typography": "globals\/typography?id=text",
            "link_normal_color": "globals\/colors?id=accent",
            "link_hover_color": "globals\/colors?id=primary",
            "h1_color": "globals\/colors?id=primary",
            "h1_typography_typography": "globals\/typography?id=primary",
            "h2_color": "globals\/colors?id=primary",
            "h2_typography_typography": "globals\/typography?id=secondary",
            "h3_color": "globals\/colors?id=primary",
            "h3_typography_typography": "globals\/typography?id=887363b",
            "h4_color": "globals\/colors?id=primary",
            "h4_typography_typography": "globals\/typography?id=ef116fc",
            "h5_color": "globals\/colors?id=primary",
            "h5_typography_typography": "globals\/typography?id=db1e030",
            "h6_color": "globals\/colors?id=primary",
            "h6_typography_typography": "globals\/typography?id=0d5e945",
            "button_typography_typography": "globals\/typography?id=accent",
            "button_background_color": "globals\/colors?id=accent",
            "button_hover_background_color": "globals\/colors?id=primary",
            "form_label_color": "globals\/colors?id=primary",
            "form_label_typography_typography": "globals\/typography?id=ec93f83",
            "form_field_typography_typography": "globals\/typography?id=text",
            "form_field_text_color": "globals\/colors?id=primary",
            "form_field_background_color": "globals\/colors?id=secondary",
            "body_background_color": "globals\/colors?id=a567df4",
            "mobile_browser_background": "globals\/colors?id=a567df4"
        }
    }
}