{
    "version": "0.4",
    "title": "Testimonials",
    "type": "page",
    "metadata": {
        "template_type": "single-page",
        "include_in_zip": "1",
        "elementor_pro_required": null,
        "wp_page_template": "elementor_header_footer"
    },
    "content": [
        {
            "id": "3fc67464",
            "settings": {
                "content_width": {
                    "unit": "px",
                    "size": 1280,
                    "sizes": []
                },
                "background_background": "classic",
                "margin": {
                    "unit": "%",
                    "top": "0",
                    "right": 0,
                    "bottom": "0",
                    "left": 0,
                    "isLinked": false
                },
                "margin_tablet": {
                    "unit": "%",
                    "top": "",
                    "right": "",
                    "bottom": "",
                    "left": "",
                    "isLinked": true
                },
                "margin_mobile": {
                    "unit": "%",
                    "top": "",
                    "right": "",
                    "bottom": "",
                    "left": "",
                    "isLinked": true
                },
                "padding": {
                    "unit": "em",
                    "top": "0",
                    "right": "0",
                    "bottom": "0",
                    "left": "0",
                    "isLinked": false
                },
                "padding_tablet": {
                    "unit": "em",
                    "top": "",
                    "right": "",
                    "bottom": "",
                    "left": "",
                    "isLinked": true
                },
                "padding_mobile": {
                    "unit": "em",
                    "top": "0",
                    "right": "0",
                    "bottom": "10",
                    "left": "0",
                    "isLinked": false
                },
                "__globals__": {
                    "background_color": "",
                    "border_color": "globals\/colors?id=659f957"
                },
                "background_image": {
                    "url": "https:\/\/finance.1onestrong.com\/wp-content\/uploads\/2022\/09\/fundjpg031.jpg",
                    "id": 1491,
                    "alt": "",
                    "source": "library"
                },
                "background_position": "center right",
                "background_repeat": "no-repeat",
                "background_size": "initial",
                "background_bg_width": {
                    "unit": "%",
                    "size": 55,
                    "sizes": []
                },
                "background_position_mobile": "bottom center",
                "background_bg_width_tablet": {
                    "unit": "%",
                    "size": 67,
                    "sizes": []
                },
                "background_bg_width_mobile": {
                    "unit": "%",
                    "size": 100,
                    "sizes": []
                },
                "border_border": "solid",
                "border_width": {
                    "unit": "px",
                    "top": "0",
                    "right": "0",
                    "bottom": "1",
                    "left": "0",
                    "isLinked": false
                }
            },
            "elements": [
                {
                    "id": "33329996",
                    "settings": {
                        "_column_size": 100,
                        "_inline_size": null,
                        "background_image": {
                            "url": "",
                            "id": "",
                            "alt": "",
                            "source": "library"
                        },
                        "background_position": "center right",
                        "background_repeat": "no-repeat",
                        "background_size": "initial",
                        "background_bg_width": {
                            "unit": "%",
                            "size": 60,
                            "sizes": []
                        },
                        "border_width": {
                            "unit": "px",
                            "top": "1",
                            "right": "1",
                            "bottom": "1",
                            "left": "1",
                            "isLinked": true
                        },
                        "margin": {
                            "unit": "%",
                            "top": "0",
                            "right": "0",
                            "bottom": "0",
                            "left": "0",
                            "isLinked": false
                        },
                        "margin_tablet": {
                            "unit": "%",
                            "top": "",
                            "right": "",
                            "bottom": "",
                            "left": "",
                            "isLinked": true
                        },
                        "margin_mobile": {
                            "unit": "%",
                            "top": "",
                            "right": "",
                            "bottom": "",
                            "left": "",
                            "isLinked": true
                        },
                        "padding": {
                            "unit": "%",
                            "top": "17",
                            "right": "0",
                            "bottom": "13",
                            "left": "5",
                            "isLinked": false
                        },
                        "padding_tablet": {
                            "unit": "%",
                            "top": "10",
                            "right": "0",
                            "bottom": "15",
                            "left": "5",
                            "isLinked": false
                        },
                        "padding_mobile": {
                            "unit": "%",
                            "top": "5",
                            "right": "0",
                            "bottom": "20",
                            "left": "0",
                            "isLinked": false
                        },
                        "__globals__": {
                            "background_color": "globals\/colors?id=a567df4",
                            "border_color": "globals\/colors?id=659f957"
                        }
                    },
                    "elements": [
                        {
                            "id": "119acc87",
                            "settings": {
                                "view": "inline",
                                "icon_list": [
                                    {
                                        "text": "Home",
                                        "selected_icon": {
                                            "value": "",
                                            "library": ""
                                        },
                                        "_id": "3deb229",
                                        "link": {
                                            "url": "#",
                                            "is_external": "",
                                            "nofollow": "",
                                            "custom_attributes": ""
                                        }
                                    },
                                    {
                                        "text": "Testimonials",
                                        "selected_icon": {
                                            "value": "",
                                            "library": ""
                                        },
                                        "_id": "b832410",
                                        "link": {
                                            "url": "#",
                                            "is_external": "",
                                            "nofollow": "",
                                            "custom_attributes": ""
                                        }
                                    }
                                ],
                                "space_between": {
                                    "unit": "px",
                                    "size": 40,
                                    "sizes": []
                                },
                                "divider": "yes",
                                "divider_height": {
                                    "unit": "%",
                                    "size": 52,
                                    "sizes": []
                                },
                                "__globals__": {
                                    "icon_typography_typography": "globals\/typography?id=accent",
                                    "text_color": "globals\/colors?id=accent",
                                    "divider_color": "globals\/colors?id=accent"
                                },
                                "icon_align_mobile": "center"
                            },
                            "elements": [],
                            "isInner": false,
                            "widgetType": "icon-list",
                            "elType": "widget"
                        },
                        {
                            "id": "52bcf5ec",
                            "settings": {
                                "title": "Testimonials",
                                "_margin": {
                                    "unit": "%",
                                    "top": "-1",
                                    "right": "50",
                                    "bottom": "0",
                                    "left": "0",
                                    "isLinked": false
                                },
                                "_margin_tablet": {
                                    "unit": "%",
                                    "top": "",
                                    "right": "",
                                    "bottom": "",
                                    "left": "",
                                    "isLinked": true
                                },
                                "_margin_mobile": {
                                    "unit": "%",
                                    "top": "0",
                                    "right": "0",
                                    "bottom": "0",
                                    "left": "0",
                                    "isLinked": false
                                },
                                "align_mobile": "center"
                            },
                            "elements": [],
                            "isInner": false,
                            "widgetType": "heading",
                            "elType": "widget"
                        },
                        {
                            "id": "4895ffd3",
                            "settings": {
                                "width": {
                                    "unit": "%",
                                    "size": 10,
                                    "sizes": []
                                },
                                "align": "left",
                                "text": "Divider",
                                "weight": {
                                    "unit": "px",
                                    "size": 4,
                                    "sizes": []
                                },
                                "gap": {
                                    "unit": "px",
                                    "size": 2,
                                    "sizes": []
                                },
                                "_margin": {
                                    "unit": "%",
                                    "top": "-1",
                                    "right": "0",
                                    "bottom": "0",
                                    "left": "0",
                                    "isLinked": false
                                },
                                "_margin_tablet": {
                                    "unit": "%",
                                    "top": "",
                                    "right": "",
                                    "bottom": "",
                                    "left": "",
                                    "isLinked": true
                                },
                                "_margin_mobile": {
                                    "unit": "%",
                                    "top": "-5",
                                    "right": "0",
                                    "bottom": "0",
                                    "left": "0",
                                    "isLinked": false
                                },
                                "__globals__": {
                                    "color": "globals\/colors?id=accent"
                                },
                                "align_mobile": "center"
                            },
                            "elements": [],
                            "isInner": false,
                            "widgetType": "divider",
                            "elType": "widget"
                        }
                    ],
                    "isInner": false,
                    "elType": "column"
                }
            ],
            "isInner": false,
            "elType": "section"
        },
        {
            "id": "3c675153",
            "settings": {
                "content_width": {
                    "unit": "px",
                    "size": 1280,
                    "sizes": []
                },
                "padding": {
                    "unit": "em",
                    "top": "10",
                    "right": "0",
                    "bottom": "10",
                    "left": "0",
                    "isLinked": false
                },
                "padding_tablet": {
                    "unit": "em",
                    "top": "",
                    "right": "",
                    "bottom": "",
                    "left": "",
                    "isLinked": true
                },
                "padding_mobile": {
                    "unit": "em",
                    "top": "0",
                    "right": "0",
                    "bottom": "0",
                    "left": "0",
                    "isLinked": false
                },
                "__globals__": {
                    "background_color": "globals\/colors?id=39dc25c",
                    "background_color_b": "globals\/colors?id=accent"
                },
                "background_color_stop": {
                    "unit": "%",
                    "size": 38,
                    "sizes": []
                },
                "background_color_b_stop": {
                    "unit": "%",
                    "size": 36,
                    "sizes": []
                },
                "background_gradient_angle": {
                    "unit": "deg",
                    "size": 90,
                    "sizes": []
                },
                "background_image": {
                    "url": "",
                    "id": "",
                    "alt": "",
                    "source": "library"
                },
                "background_position": "center right",
                "background_position_mobile": "center left",
                "margin": {
                    "unit": "%",
                    "top": "0",
                    "right": 0,
                    "bottom": "0",
                    "left": 0,
                    "isLinked": false
                },
                "margin_tablet": {
                    "unit": "%",
                    "top": "",
                    "right": "",
                    "bottom": "",
                    "left": "",
                    "isLinked": true
                },
                "margin_mobile": {
                    "unit": "%",
                    "top": "",
                    "right": "",
                    "bottom": "",
                    "left": "",
                    "isLinked": true
                }
            },
            "elements": [
                {
                    "id": "4cf8a48f",
                    "settings": {
                        "_column_size": 100,
                        "_inline_size": null,
                        "background_background": "classic",
                        "padding_mobile": {
                            "unit": "%",
                            "top": "12",
                            "right": "0",
                            "bottom": "12",
                            "left": "0",
                            "isLinked": false
                        },
                        "content_position": "center"
                    },
                    "elements": [
                        {
                            "id": "647dccab",
                            "settings": {
                                "title": "What we say our customers",
                                "align": "center",
                                "__globals__": {
                                    "typography_typography": "globals\/typography?id=accent",
                                    "title_color": "globals\/colors?id=primary"
                                }
                            },
                            "elements": [],
                            "isInner": false,
                            "widgetType": "heading",
                            "elType": "widget"
                        },
                        {
                            "id": "6a58da0d",
                            "settings": {
                                "ekit_heading_title": " {{Our}}  Testimonials",
                                "ekit_heading_title_tag": "h3",
                                "ekit_heading_sub_title": "Time has changed",
                                "shadow_text_content": "bussiness",
                                "ekit_heading_show_seperator": "",
                                "__globals__": {
                                    "ekit_heading_title_color": "globals\/colors?id=primary",
                                    "ekit_heading_title_typography_typography": "globals\/typography?id=secondary",
                                    "ekit_heading_focused_title_color": "globals\/colors?id=accent",
                                    "ekit_heading_focused_title_color_hover": "globals\/colors?id=accent"
                                },
                                "ekit_heading_title_margin": {
                                    "unit": "px",
                                    "top": "0",
                                    "right": "0",
                                    "bottom": "0",
                                    "left": "0",
                                    "isLinked": false
                                },
                                "ekit_heading_title_align": "text_center",
                                "_margin": {
                                    "unit": "%",
                                    "top": "0",
                                    "right": "0",
                                    "bottom": "5",
                                    "left": "0",
                                    "isLinked": false
                                },
                                "_margin_tablet": {
                                    "unit": "%",
                                    "top": "",
                                    "right": "",
                                    "bottom": "",
                                    "left": "",
                                    "isLinked": true
                                },
                                "_margin_mobile": {
                                    "unit": "%",
                                    "top": "",
                                    "right": "",
                                    "bottom": "",
                                    "left": "",
                                    "isLinked": true
                                }
                            },
                            "elements": [],
                            "isInner": false,
                            "widgetType": "elementskit-heading",
                            "elType": "widget"
                        },
                        {
                            "id": "77b0fb27",
                            "settings": {
                                "ekit_testimonial_style": "style5",
                                "ekit_testimonial_data": [
                                    {
                                        "client_name": "Testimonial #1",
                                        "_id": "ffb71ee",
                                        "designation": "Designation",
                                        "review": "Lorem ipsum dolor sit amet consectetur adipiscing elit porta, scelerisque fames dui rutrum bibendum vulputate.",
                                        "client_photo": {
                                            "url": "https:\/\/finance.1onestrong.com\/wp-content\/uploads\/2022\/09\/Mask-Group-32.png",
                                            "id": 660,
                                            "alt": "",
                                            "source": "library"
                                        }
                                    },
                                    {
                                        "client_name": "Testimonial #2",
                                        "_id": "6dbd8e8",
                                        "designation": "Designation",
                                        "review": "Lorem ipsum dolor sit amet consectetur adipiscing elit porta, scelerisque fames dui rutrum bibendum vulputate.",
                                        "client_photo": {
                                            "url": "https:\/\/finance.1onestrong.com\/wp-content\/uploads\/2022\/09\/Mask-Group-24.png",
                                            "id": 659,
                                            "alt": "",
                                            "source": "library"
                                        }
                                    },
                                    {
                                        "client_name": "Testimonial #3",
                                        "_id": "56af338",
                                        "designation": "Designation",
                                        "review": "Lorem ipsum dolor sit amet consectetur adipiscing elit porta, scelerisque fames dui rutrum bibendum vulputate.",
                                        "client_photo": {
                                            "url": "https:\/\/finance.1onestrong.com\/wp-content\/uploads\/2022\/09\/Mask-Group-16.png",
                                            "id": 658,
                                            "alt": "",
                                            "source": "library"
                                        }
                                    }
                                ],
                                "ekit_testimonial_slidetoshow": 3,
                                "ekit_testimonial_layout_background_background": "classic",
                                "ekit_testimonial_layout_border_border": "solid",
                                "ekit_testimonial_layout_border_width": {
                                    "unit": "px",
                                    "top": "1",
                                    "right": "1",
                                    "bottom": "1",
                                    "left": "1",
                                    "isLinked": true
                                },
                                "ekit_testimonial_layout_border_color": "#EEEDEC",
                                "ekit_testimonial_description_color": "#EEEDEC",
                                "ekit_testimonial_description_typography_typography": "custom",
                                "ekit_testimonial_description_typography_font_family": "DM Sans",
                                "ekit_testimonial_description_typography_font_size": {
                                    "unit": "px",
                                    "size": 15,
                                    "sizes": []
                                },
                                "ekit_testimonial_description_typography_font_size_tablet": {
                                    "unit": "px",
                                    "size": 14,
                                    "sizes": []
                                },
                                "ekit_testimonial_description_typography_font_size_mobile": {
                                    "unit": "px",
                                    "size": 14,
                                    "sizes": []
                                },
                                "ekit_testimonial_description_typography_font_weight": "400",
                                "ekit_testimonial_description_typography_text_transform": "none",
                                "ekit_testimonial_description_typography_line_height": {
                                    "unit": "em",
                                    "size": 1.8000000000000000444089209850062616169452667236328125,
                                    "sizes": []
                                },
                                "__globals__": {
                                    "ekit_testimonial_layout_background_color": "globals\/colors?id=495d27d",
                                    "ekit_testimonial_layout_border_color": "globals\/colors?id=659f957",
                                    "ekit_testimonial_description_typography_typography": "globals\/typography?id=text",
                                    "ekit_testimonial_description_color": "globals\/colors?id=primary"
                                },
                                "ekit_testimonial_wartermark_enable": "",
                                "ekit_testimonial_layout_margin": {
                                    "unit": "px",
                                    "size": 0,
                                    "sizes": []
                                },
                                "ekit_testimonial_layout_padding": {
                                    "unit": "px",
                                    "top": "40",
                                    "right": "30",
                                    "bottom": "40",
                                    "left": "30",
                                    "isLinked": false
                                },
                                "ekit_testimonial_layout_background_image": {
                                    "url": "https:\/\/finance.1onestrong.com\/wp-content\/uploads\/2022\/09\/icon032.png",
                                    "id": 668,
                                    "alt": "",
                                    "source": "library"
                                },
                                "ekit_testimonial_layout_background_position": "bottom right",
                                "ekit_testimonial_layout_background_repeat": "no-repeat",
                                "ekit_testimonial_layout_background_size": "initial",
                                "ekit_testimonial_layout_background_bg_width": {
                                    "unit": "%",
                                    "size": 25,
                                    "sizes": []
                                },
                                "ekit_testimonial_review_ratting_font_size": {
                                    "unit": "px",
                                    "size": 17,
                                    "sizes": []
                                }
                            },
                            "elements": [],
                            "isInner": false,
                            "widgetType": "elementskit-testimonial",
                            "elType": "widget"
                        }
                    ],
                    "isInner": false,
                    "elType": "column"
                }
            ],
            "isInner": false,
            "elType": "section"
        },
        {
            "id": "3dc0a630",
            "settings": {
                "content_width": {
                    "unit": "px",
                    "size": 1280,
                    "sizes": []
                },
                "structure": "20",
                "padding": {
                    "unit": "em",
                    "top": "10",
                    "right": "0",
                    "bottom": "10",
                    "left": "0",
                    "isLinked": false
                },
                "padding_tablet": {
                    "unit": "em",
                    "top": "7",
                    "right": "0",
                    "bottom": "5",
                    "left": "0",
                    "isLinked": false
                },
                "padding_mobile": {
                    "unit": "em",
                    "top": "7",
                    "right": "0",
                    "bottom": "2",
                    "left": "0",
                    "isLinked": false
                },
                "background_background": "classic",
                "__globals__": {
                    "background_color": "globals\/colors?id=495d27d"
                }
            },
            "elements": [
                {
                    "id": "d928761",
                    "settings": {
                        "_column_size": 50,
                        "_inline_size": 50,
                        "padding_mobile": {
                            "unit": "px",
                            "top": "0",
                            "right": "0",
                            "bottom": "0",
                            "left": "0",
                            "isLinked": false
                        },
                        "content_position_tablet": "center"
                    },
                    "elements": [
                        {
                            "id": "2c090991",
                            "settings": {
                                "image": {
                                    "url": "https:\/\/finance.1onestrong.com\/wp-content\/uploads\/2022\/09\/fundjpg030.jpg",
                                    "id": 1478,
                                    "alt": "",
                                    "source": "library"
                                },
                                "align": "left",
                                "width": {
                                    "unit": "%",
                                    "size": 90,
                                    "sizes": []
                                }
                            },
                            "elements": [],
                            "isInner": false,
                            "widgetType": "image",
                            "elType": "widget"
                        }
                    ],
                    "isInner": false,
                    "elType": "column"
                },
                {
                    "id": "12cfe657",
                    "settings": {
                        "_column_size": 50,
                        "_inline_size": 50,
                        "margin": {
                            "unit": "%",
                            "top": "0",
                            "right": "0",
                            "bottom": "0",
                            "left": "10",
                            "isLinked": false
                        },
                        "margin_tablet": {
                            "unit": "%",
                            "top": "0",
                            "right": "0",
                            "bottom": "0",
                            "left": "0",
                            "isLinked": false
                        },
                        "margin_mobile": {
                            "unit": "%",
                            "top": "7",
                            "right": "0",
                            "bottom": "0",
                            "left": "2",
                            "isLinked": false
                        },
                        "content_position": "center"
                    },
                    "elements": [
                        {
                            "id": "60d41540",
                            "settings": {
                                "ekit_heading_title": " {{Frequently}}  Asked Questions",
                                "ekit_heading_sub_title": "Time has changed",
                                "shadow_text_content": "bussiness",
                                "ekit_heading_show_seperator": "",
                                "__globals__": {
                                    "ekit_heading_title_color": "globals\/colors?id=primary",
                                    "ekit_heading_title_typography_typography": "globals\/typography?id=secondary",
                                    "ekit_heading_focused_title_color": "globals\/colors?id=accent",
                                    "ekit_heading_focused_title_color_hover": "globals\/colors?id=accent"
                                }
                            },
                            "elements": [],
                            "isInner": false,
                            "widgetType": "elementskit-heading",
                            "elType": "widget"
                        },
                        {
                            "id": "3ab4e036",
                            "settings": {
                                "width": {
                                    "unit": "%",
                                    "size": 10,
                                    "sizes": []
                                },
                                "align": "left",
                                "text": "Divider",
                                "weight": {
                                    "unit": "px",
                                    "size": 4,
                                    "sizes": []
                                },
                                "gap": {
                                    "unit": "px",
                                    "size": 2,
                                    "sizes": []
                                },
                                "_margin": {
                                    "unit": "%",
                                    "top": "-7",
                                    "right": "0",
                                    "bottom": "0",
                                    "left": "0",
                                    "isLinked": false
                                },
                                "_margin_tablet": {
                                    "unit": "%",
                                    "top": "",
                                    "right": "",
                                    "bottom": "",
                                    "left": "",
                                    "isLinked": true
                                },
                                "_margin_mobile": {
                                    "unit": "%",
                                    "top": "",
                                    "right": "",
                                    "bottom": "",
                                    "left": "",
                                    "isLinked": true
                                },
                                "__globals__": {
                                    "color": "globals\/colors?id=accent"
                                }
                            },
                            "elements": [],
                            "isInner": false,
                            "widgetType": "divider",
                            "elType": "widget"
                        },
                        {
                            "id": "6e909c99",
                            "settings": {
                                "ekit_accordion_items": [
                                    {
                                        "acc_title": "Why don\u2019t you charge as much as other financial planners?",
                                        "acc_content": "<p>Lorem ipsum dolor sit amet, consectetur adipiscing elit. Donec mi erat, pulvinar nec elementum non, lacinia lacinia lectus. Integer id purus imperdiet, tincidunt turpis in, ornare metus.<\/p>",
                                        "ekit_acc_is_active": "yes",
                                        "_id": "da96db0"
                                    },
                                    {
                                        "acc_title": "How will I know I\u2019m getting my money\u2019s worth with you?",
                                        "acc_content": "<p>Lorem ipsum dolor sit amet, consectetur adipiscing elit. Donec mi erat, pulvinar nec elementum non, lacinia lacinia lectus. Integer id purus imperdiet, tincidunt turpis in, ornare metus.<\/p>",
                                        "_id": "5f425e5"
                                    },
                                    {
                                        "acc_title": "How do you work with people in other states and countries?",
                                        "acc_content": "<p>Lorem ipsum dolor sit amet, consectetur adipiscing elit. Donec mi erat, pulvinar nec elementum non, lacinia lacinia lectus. Integer id purus imperdiet, tincidunt turpis in, ornare metus.<\/p>",
                                        "_id": "d07d5ea"
                                    },
                                    {
                                        "acc_title": "What if I need help but I\u2019m not ready for a full plan?",
                                        "acc_content": "<p>Lorem ipsum dolor sit amet, consectetur adipiscing elit. Donec mi erat, pulvinar nec elementum non, lacinia lacinia lectus. Integer id purus imperdiet, tincidunt turpis in, ornare metus.<\/p>",
                                        "_id": "93bf623"
                                    }
                                ],
                                "ekit_accordion_right_icon_actives": {
                                    "value": "icon icon-left-arrows",
                                    "library": "ekiticons"
                                },
                                "ekit_accordion_background_background": "classic",
                                "ekit_accordion_background_color": "#02010100",
                                "ekit_accordion_border_radious_curve_shape_open": {
                                    "unit": "px",
                                    "top": "0",
                                    "right": "0",
                                    "bottom": "0",
                                    "left": "0",
                                    "isLinked": false
                                },
                                "ekit_accordion_background_close_background": "classic",
                                "ekit_accordion_background_close_color": "#02010100",
                                "ekit_accordion_title_padding": {
                                    "unit": "px",
                                    "top": "12",
                                    "right": "50",
                                    "bottom": "18",
                                    "left": "0",
                                    "isLinked": false
                                },
                                "ekit_accordion_content_border_radious": {
                                    "unit": "px",
                                    "top": "0",
                                    "right": "0",
                                    "bottom": "0",
                                    "left": "0",
                                    "isLinked": false
                                },
                                "ekit_accordion_content_padding": {
                                    "unit": "px",
                                    "top": "0",
                                    "right": "50",
                                    "bottom": "30",
                                    "left": "0",
                                    "isLinked": false
                                },
                                "ekit_accordion_border_open_border": "solid",
                                "ekit_accordion_border_open_width": {
                                    "unit": "px",
                                    "top": "0",
                                    "right": "0",
                                    "bottom": "1",
                                    "left": "0",
                                    "isLinked": false
                                },
                                "ekit_accordion_border_open_color": "#00000012",
                                "ekit_accordion_section_icon_margin": {
                                    "unit": "px",
                                    "top": "0",
                                    "right": "0",
                                    "bottom": "0",
                                    "left": "0",
                                    "isLinked": false
                                },
                                "_margin": {
                                    "unit": "px",
                                    "top": "-10",
                                    "right": "0",
                                    "bottom": "0",
                                    "left": "0",
                                    "isLinked": false
                                },
                                "_animation": "fadeIn",
                                "_animation_delay": 400,
                                "__globals__": {
                                    "ekit_accordion_title_typography_typography": "globals\/typography?id=0d5e945",
                                    "ekit_accordion_title_color": "globals\/colors?id=primary",
                                    "ekit_accordion_title_color_close": "globals\/colors?id=primary",
                                    "ekit_accordion_content_typography_typography": "globals\/typography?id=text",
                                    "ekit_accordion_content_color": "globals\/colors?id=text",
                                    "ekit_accordion_icon_color_close": "globals\/colors?id=accent",
                                    "ekit_accordion_icon_color": "globals\/colors?id=accent"
                                },
                                "ekit_accordion_icon_color_close": "#3A51CA",
                                "ekit_accordion_icon_color": "#3A51CA"
                            },
                            "elements": [],
                            "isInner": false,
                            "widgetType": "elementskit-accordion",
                            "elType": "widget"
                        }
                    ],
                    "isInner": false,
                    "elType": "column"
                }
            ],
            "isInner": false,
            "elType": "section"
        },
        {
            "id": "535fd10c",
            "settings": {
                "content_width": {
                    "unit": "px",
                    "size": 1280,
                    "sizes": []
                },
                "structure": "20",
                "padding": {
                    "unit": "em",
                    "top": "7",
                    "right": "0",
                    "bottom": "7",
                    "left": "0",
                    "isLinked": false
                },
                "padding_tablet": {
                    "unit": "em",
                    "top": "",
                    "right": "",
                    "bottom": "",
                    "left": "",
                    "isLinked": true
                },
                "padding_mobile": {
                    "unit": "em",
                    "top": "5",
                    "right": "0",
                    "bottom": "5",
                    "left": "0",
                    "isLinked": false
                },
                "border_border": "solid",
                "border_width": {
                    "unit": "px",
                    "top": "1",
                    "right": "0",
                    "bottom": "0",
                    "left": "0",
                    "isLinked": false
                },
                "__globals__": {
                    "border_color": "globals\/colors?id=659f957"
                }
            },
            "elements": [
                {
                    "id": "56131a67",
                    "settings": {
                        "_column_size": 50,
                        "_inline_size": 40,
                        "_inline_size_tablet": 100
                    },
                    "elements": [
                        {
                            "id": "796b7c0c",
                            "settings": {
                                "ekit_heading_title": " {{Request}}  an Appointment",
                                "ekit_heading_sub_title": "Time has changed",
                                "shadow_text_content": "bussiness",
                                "ekit_heading_show_seperator": "",
                                "__globals__": {
                                    "ekit_heading_title_color": "globals\/colors?id=primary",
                                    "ekit_heading_title_typography_typography": "globals\/typography?id=secondary",
                                    "ekit_heading_focused_title_color": "globals\/colors?id=accent",
                                    "ekit_heading_focused_title_color_hover": "globals\/colors?id=accent"
                                }
                            },
                            "elements": [],
                            "isInner": false,
                            "widgetType": "elementskit-heading",
                            "elType": "widget"
                        },
                        {
                            "id": "11b280bc",
                            "settings": {
                                "width": {
                                    "unit": "%",
                                    "size": 20,
                                    "sizes": []
                                },
                                "align": "left",
                                "text": "Divider",
                                "weight": {
                                    "unit": "px",
                                    "size": 4,
                                    "sizes": []
                                },
                                "gap": {
                                    "unit": "px",
                                    "size": 2,
                                    "sizes": []
                                },
                                "_margin": {
                                    "unit": "%",
                                    "top": "-7",
                                    "right": "0",
                                    "bottom": "0",
                                    "left": "0",
                                    "isLinked": false
                                },
                                "_margin_tablet": {
                                    "unit": "%",
                                    "top": "-4",
                                    "right": "0",
                                    "bottom": "0",
                                    "left": "0",
                                    "isLinked": false
                                },
                                "_margin_mobile": {
                                    "unit": "%",
                                    "top": "",
                                    "right": "",
                                    "bottom": "",
                                    "left": "",
                                    "isLinked": true
                                },
                                "__globals__": {
                                    "color": "globals\/colors?id=accent"
                                },
                                "width_tablet": {
                                    "unit": "%",
                                    "size": 10,
                                    "sizes": []
                                }
                            },
                            "elements": [],
                            "isInner": false,
                            "widgetType": "divider",
                            "elType": "widget"
                        },
                        {
                            "id": "3a80a5ee",
                            "settings": {
                                "_margin": {
                                    "unit": "%",
                                    "top": "0",
                                    "right": "25",
                                    "bottom": "0",
                                    "left": "0",
                                    "isLinked": false
                                },
                                "_margin_tablet": {
                                    "unit": "%",
                                    "top": "",
                                    "right": "",
                                    "bottom": "",
                                    "left": "",
                                    "isLinked": true
                                },
                                "_margin_mobile": {
                                    "unit": "%",
                                    "top": "0",
                                    "right": "0",
                                    "bottom": "0",
                                    "left": "0",
                                    "isLinked": false
                                },
                                "__globals__": {
                                    "typography_typography": "globals\/typography?id=text",
                                    "text_color": "globals\/colors?id=text"
                                }
                            },
                            "elements": [],
                            "isInner": false,
                            "widgetType": "text-editor",
                            "elType": "widget"
                        },
                        {
                            "id": "5055dcba",
                            "settings": {
                                "structure": "20"
                            },
                            "elements": [
                                {
                                    "id": "42591db3",
                                    "settings": {
                                        "_column_size": 50,
                                        "_inline_size": null,
                                        "_inline_size_tablet": 30,
                                        "_inline_size_mobile": 100
                                    },
                                    "elements": [
                                        {
                                            "id": "20d446e5",
                                            "settings": {
                                                "ekit_icon_box_title_text": "Phone",
                                                "ekit_icon_box_description_text": "+187-5840-8547",
                                                "ekit_icon_box_btn_text": "Learn more ",
                                                "ekit_icon_box_badge_title": "EXCLUSIVE",
                                                "ekit_icon_box_infobox_bg_padding": {
                                                    "unit": "px",
                                                    "top": "0",
                                                    "right": "0",
                                                    "bottom": "0",
                                                    "left": "0",
                                                    "isLinked": true
                                                },
                                                "ekit_icon_box_margin": {
                                                    "unit": "px",
                                                    "top": "0",
                                                    "right": "10",
                                                    "bottom": "0",
                                                    "left": "20",
                                                    "isLinked": false,
                                                    "size": 15
                                                },
                                                "__globals__": {
                                                    "ekit_icon_title_typography_group_typography": "globals\/typography?id=db1e030",
                                                    "ekit_icon_description_typography_group_typography": "globals\/typography?id=58f3e1d",
                                                    "ekit_icon_box_iocnbox_border_group_color": "globals\/colors?id=659f957",
                                                    "ekit_icon_box_infobox_bg_hover_group_color": "",
                                                    "ekit_icon_title_color": "globals\/colors?id=accent",
                                                    "ekit_icon_title_color_hover": "globals\/colors?id=accent",
                                                    "ekit_icon_box_infobox_bg_hover_group_color_b": "",
                                                    "ekit_icon_box_icon_secondary_color_normal": "globals\/colors?id=accent",
                                                    "ekit_icon_box_icon_primary_color": "globals\/colors?id=secondary",
                                                    "ekit_icon_description_color": "globals\/colors?id=text"
                                                },
                                                "ekit_icon_box_header_image": {
                                                    "url": "https:\/\/finance.1onestrong.com\/wp-content\/uploads\/2022\/09\/icon026.png",
                                                    "id": 556,
                                                    "alt": "",
                                                    "source": "library"
                                                },
                                                "ekit_icon_box_infobox_bg_group_background": "classic",
                                                "ekit_icon_box_infobox_bg_group_color": "#02010100",
                                                "ekit_icon_box_infobox_box_shadow_group_box_shadow": {
                                                    "horizontal": 10,
                                                    "vertical": 10,
                                                    "blur": 20,
                                                    "spread": 0,
                                                    "color": "rgba(108.84375000000001, 108.84375000000001, 108.84375000000001, 0.13)"
                                                },
                                                "ekit_icon_box_infobox_border_radious": {
                                                    "unit": "px",
                                                    "top": "0",
                                                    "right": "0",
                                                    "bottom": "0",
                                                    "left": "0",
                                                    "isLinked": true
                                                },
                                                "ekit_icon_box_infobox_bg_hover_group_color": "#FFFFFF",
                                                "ekit_icon_box_icon_width": {
                                                    "unit": "px",
                                                    "size": 30,
                                                    "sizes": []
                                                },
                                                "_animation": "fadeIn",
                                                "animation_duration": "fast",
                                                "_animation_delay": 800,
                                                "ekit_icon_box_iocnbox_border_group_color": "#A7A7A76B",
                                                "ekit_icon_box_infobox_bg_hover_group_color_b": "#E6E5E369",
                                                "ekit_icon_title_color": "#141414",
                                                "ekit_icon_title_color_hover": "#1D7377",
                                                "ekit_icon_box_header_icons": {
                                                    "value": "fas fa-phone-alt",
                                                    "library": "fa-solid"
                                                },
                                                "ekit_icon_box_icon_position": "left",
                                                "ekit_icon_box_iocnbox_border_group_border": "",
                                                "ekit_icon_title_bottom_space": {
                                                    "unit": "px",
                                                    "top": "0",
                                                    "right": "0",
                                                    "bottom": "0",
                                                    "left": "0",
                                                    "isLinked": false,
                                                    "size": "20"
                                                },
                                                "ekit_icon_title_padding": {
                                                    "unit": "px",
                                                    "top": "0",
                                                    "right": "0",
                                                    "bottom": "0",
                                                    "left": "20",
                                                    "isLinked": ""
                                                },
                                                "ekit_icon_icon_size": {
                                                    "unit": "px",
                                                    "size": 15,
                                                    "sizes": []
                                                },
                                                "ekit_icon_box_icon_height": {
                                                    "unit": "px",
                                                    "size": 30,
                                                    "sizes": []
                                                },
                                                "ekit_icon_box_icon_line_height": {
                                                    "unit": "px",
                                                    "size": 31,
                                                    "sizes": []
                                                },
                                                "ekit_icon_box_title_size": "h4"
                                            },
                                            "elements": [],
                                            "isInner": false,
                                            "widgetType": "elementskit-icon-box",
                                            "elType": "widget"
                                        }
                                    ],
                                    "isInner": true,
                                    "elType": "column"
                                },
                                {
                                    "id": "56799542",
                                    "settings": {
                                        "_column_size": 50,
                                        "_inline_size": null,
                                        "_inline_size_mobile": 100
                                    },
                                    "elements": [
                                        {
                                            "id": "355c70d7",
                                            "settings": {
                                                "ekit_icon_box_title_text": "Location",
                                                "ekit_icon_box_description_text": "Jl. Soekarno-hatta",
                                                "ekit_icon_box_btn_text": "Learn more ",
                                                "ekit_icon_box_badge_title": "EXCLUSIVE",
                                                "ekit_icon_box_infobox_bg_padding": {
                                                    "unit": "px",
                                                    "top": "0",
                                                    "right": "0",
                                                    "bottom": "0",
                                                    "left": "0",
                                                    "isLinked": true
                                                },
                                                "ekit_icon_box_margin": {
                                                    "unit": "px",
                                                    "top": "0",
                                                    "right": "10",
                                                    "bottom": "0",
                                                    "left": "20",
                                                    "isLinked": false,
                                                    "size": 15
                                                },
                                                "__globals__": {
                                                    "ekit_icon_title_typography_group_typography": "globals\/typography?id=db1e030",
                                                    "ekit_icon_description_typography_group_typography": "globals\/typography?id=58f3e1d",
                                                    "ekit_icon_box_iocnbox_border_group_color": "globals\/colors?id=659f957",
                                                    "ekit_icon_box_infobox_bg_hover_group_color": "",
                                                    "ekit_icon_title_color": "globals\/colors?id=accent",
                                                    "ekit_icon_title_color_hover": "globals\/colors?id=accent",
                                                    "ekit_icon_box_infobox_bg_hover_group_color_b": "",
                                                    "ekit_icon_box_icon_secondary_color_normal": "globals\/colors?id=accent",
                                                    "ekit_icon_box_icon_primary_color": "globals\/colors?id=secondary",
                                                    "ekit_icon_description_color": "globals\/colors?id=text"
                                                },
                                                "ekit_icon_box_header_image": {
                                                    "url": "https:\/\/finance.1onestrong.com\/wp-content\/uploads\/2022\/09\/icon026.png",
                                                    "id": 556,
                                                    "alt": "",
                                                    "source": "library"
                                                },
                                                "ekit_icon_box_infobox_bg_group_background": "classic",
                                                "ekit_icon_box_infobox_bg_group_color": "#02010100",
                                                "ekit_icon_box_infobox_box_shadow_group_box_shadow": {
                                                    "horizontal": 10,
                                                    "vertical": 10,
                                                    "blur": 20,
                                                    "spread": 0,
                                                    "color": "rgba(108.84375000000001, 108.84375000000001, 108.84375000000001, 0.13)"
                                                },
                                                "ekit_icon_box_infobox_border_radious": {
                                                    "unit": "px",
                                                    "top": "0",
                                                    "right": "0",
                                                    "bottom": "0",
                                                    "left": "0",
                                                    "isLinked": true
                                                },
                                                "ekit_icon_box_infobox_bg_hover_group_color": "#FFFFFF",
                                                "ekit_icon_box_icon_width": {
                                                    "unit": "px",
                                                    "size": 30,
                                                    "sizes": []
                                                },
                                                "_animation": "fadeIn",
                                                "animation_duration": "fast",
                                                "_animation_delay": 800,
                                                "ekit_icon_box_iocnbox_border_group_color": "#A7A7A76B",
                                                "ekit_icon_box_infobox_bg_hover_group_color_b": "#E6E5E369",
                                                "ekit_icon_title_color": "#141414",
                                                "ekit_icon_title_color_hover": "#1D7377",
                                                "ekit_icon_box_header_icons": {
                                                    "value": "fas fa-map-marker-alt",
                                                    "library": "fa-solid"
                                                },
                                                "ekit_icon_box_icon_position": "left",
                                                "ekit_icon_box_text_align_responsive": "left",
                                                "ekit_icon_box_iocnbox_border_group_border": "",
                                                "ekit_icon_title_bottom_space": {
                                                    "unit": "px",
                                                    "top": "0",
                                                    "right": "0",
                                                    "bottom": "0",
                                                    "left": "0",
                                                    "isLinked": false,
                                                    "size": "20"
                                                },
                                                "ekit_icon_title_padding": {
                                                    "unit": "px",
                                                    "top": "0",
                                                    "right": "0",
                                                    "bottom": "0",
                                                    "left": "20",
                                                    "isLinked": ""
                                                },
                                                "ekit_icon_icon_size": {
                                                    "unit": "px",
                                                    "size": 15,
                                                    "sizes": []
                                                },
                                                "ekit_icon_box_icon_height": {
                                                    "unit": "px",
                                                    "size": 30,
                                                    "sizes": []
                                                },
                                                "ekit_icon_box_icon_line_height": {
                                                    "unit": "px",
                                                    "size": 31,
                                                    "sizes": []
                                                },
                                                "ekit_icon_box_title_size": "h4"
                                            },
                                            "elements": [],
                                            "isInner": false,
                                            "widgetType": "elementskit-icon-box",
                                            "elType": "widget"
                                        }
                                    ],
                                    "isInner": true,
                                    "elType": "column"
                                }
                            ],
                            "isInner": true,
                            "elType": "section"
                        },
                        {
                            "id": "17749819",
                            "settings": {
                                "structure": "20",
                                "margin": {
                                    "unit": "%",
                                    "top": "3",
                                    "right": 0,
                                    "bottom": "0",
                                    "left": 0,
                                    "isLinked": false
                                },
                                "margin_tablet": {
                                    "unit": "%",
                                    "top": "",
                                    "right": "",
                                    "bottom": "",
                                    "left": "",
                                    "isLinked": true
                                },
                                "margin_mobile": {
                                    "unit": "%",
                                    "top": "",
                                    "right": "",
                                    "bottom": "",
                                    "left": "",
                                    "isLinked": true
                                }
                            },
                            "elements": [
                                {
                                    "id": "6f9e24e0",
                                    "settings": {
                                        "_column_size": 50,
                                        "_inline_size": null,
                                        "_inline_size_tablet": 30,
                                        "_inline_size_mobile": 100
                                    },
                                    "elements": [
                                        {
                                            "id": "425f0f0c",
                                            "settings": {
                                                "ekit_icon_box_title_text": "Email",
                                                "ekit_icon_box_description_text": "finance@mail.com",
                                                "ekit_icon_box_btn_text": "Learn more ",
                                                "ekit_icon_box_badge_title": "EXCLUSIVE",
                                                "ekit_icon_box_infobox_bg_padding": {
                                                    "unit": "px",
                                                    "top": "0",
                                                    "right": "0",
                                                    "bottom": "0",
                                                    "left": "0",
                                                    "isLinked": true
                                                },
                                                "ekit_icon_box_margin": {
                                                    "unit": "px",
                                                    "top": "0",
                                                    "right": "10",
                                                    "bottom": "0",
                                                    "left": "20",
                                                    "isLinked": false,
                                                    "size": 15
                                                },
                                                "__globals__": {
                                                    "ekit_icon_title_typography_group_typography": "globals\/typography?id=db1e030",
                                                    "ekit_icon_description_typography_group_typography": "globals\/typography?id=58f3e1d",
                                                    "ekit_icon_box_iocnbox_border_group_color": "globals\/colors?id=659f957",
                                                    "ekit_icon_box_infobox_bg_hover_group_color": "",
                                                    "ekit_icon_title_color": "globals\/colors?id=accent",
                                                    "ekit_icon_title_color_hover": "globals\/colors?id=accent",
                                                    "ekit_icon_box_infobox_bg_hover_group_color_b": "",
                                                    "ekit_icon_box_icon_secondary_color_normal": "globals\/colors?id=accent",
                                                    "ekit_icon_box_icon_primary_color": "globals\/colors?id=secondary",
                                                    "ekit_icon_description_color": "globals\/colors?id=text"
                                                },
                                                "ekit_icon_box_header_image": {
                                                    "url": "https:\/\/finance.1onestrong.com\/wp-content\/uploads\/2022\/09\/icon026.png",
                                                    "id": 556,
                                                    "alt": "",
                                                    "source": "library"
                                                },
                                                "ekit_icon_box_infobox_bg_group_background": "classic",
                                                "ekit_icon_box_infobox_bg_group_color": "#02010100",
                                                "ekit_icon_box_infobox_box_shadow_group_box_shadow": {
                                                    "horizontal": 10,
                                                    "vertical": 10,
                                                    "blur": 20,
                                                    "spread": 0,
                                                    "color": "rgba(108.84375000000001, 108.84375000000001, 108.84375000000001, 0.13)"
                                                },
                                                "ekit_icon_box_infobox_border_radious": {
                                                    "unit": "px",
                                                    "top": "0",
                                                    "right": "0",
                                                    "bottom": "0",
                                                    "left": "0",
                                                    "isLinked": true
                                                },
                                                "ekit_icon_box_infobox_bg_hover_group_color": "#FFFFFF",
                                                "ekit_icon_box_icon_width": {
                                                    "unit": "px",
                                                    "size": 30,
                                                    "sizes": []
                                                },
                                                "_animation": "fadeIn",
                                                "animation_duration": "fast",
                                                "_animation_delay": 800,
                                                "ekit_icon_box_iocnbox_border_group_color": "#A7A7A76B",
                                                "ekit_icon_box_infobox_bg_hover_group_color_b": "#E6E5E369",
                                                "ekit_icon_title_color": "#141414",
                                                "ekit_icon_title_color_hover": "#1D7377",
                                                "ekit_icon_box_header_icons": {
                                                    "value": "fas fa-envelope",
                                                    "library": "fa-solid"
                                                },
                                                "ekit_icon_box_icon_position": "left",
                                                "ekit_icon_box_text_align_responsive": "left",
                                                "ekit_icon_box_iocnbox_border_group_border": "",
                                                "ekit_icon_title_bottom_space": {
                                                    "unit": "px",
                                                    "top": "0",
                                                    "right": "0",
                                                    "bottom": "0",
                                                    "left": "0",
                                                    "isLinked": false,
                                                    "size": "20"
                                                },
                                                "ekit_icon_title_padding": {
                                                    "unit": "px",
                                                    "top": "0",
                                                    "right": "0",
                                                    "bottom": "0",
                                                    "left": "20",
                                                    "isLinked": ""
                                                },
                                                "ekit_icon_icon_size": {
                                                    "unit": "px",
                                                    "size": 15,
                                                    "sizes": []
                                                },
                                                "ekit_icon_box_icon_height": {
                                                    "unit": "px",
                                                    "size": 30,
                                                    "sizes": []
                                                },
                                                "ekit_icon_box_icon_line_height": {
                                                    "unit": "px",
                                                    "size": 31,
                                                    "sizes": []
                                                },
                                                "ekit_icon_box_title_size": "h4"
                                            },
                                            "elements": [],
                                            "isInner": false,
                                            "widgetType": "elementskit-icon-box",
                                            "elType": "widget"
                                        }
                                    ],
                                    "isInner": true,
                                    "elType": "column"
                                },
                                {
                                    "id": "7798c2a2",
                                    "settings": {
                                        "_column_size": 50,
                                        "_inline_size": null,
                                        "_inline_size_mobile": 100
                                    },
                                    "elements": [
                                        {
                                            "id": "2682766e",
                                            "settings": {
                                                "ekit_icon_box_title_text": "Open Hour",
                                                "ekit_icon_box_description_text": "Mon - Sat, 08.00 - 16.00",
                                                "ekit_icon_box_btn_text": "Learn more ",
                                                "ekit_icon_box_badge_title": "EXCLUSIVE",
                                                "ekit_icon_box_infobox_bg_padding": {
                                                    "unit": "px",
                                                    "top": "0",
                                                    "right": "0",
                                                    "bottom": "0",
                                                    "left": "0",
                                                    "isLinked": true
                                                },
                                                "ekit_icon_box_margin": {
                                                    "unit": "px",
                                                    "top": "0",
                                                    "right": "10",
                                                    "bottom": "0",
                                                    "left": "20",
                                                    "isLinked": false,
                                                    "size": 15
                                                },
                                                "__globals__": {
                                                    "ekit_icon_title_typography_group_typography": "globals\/typography?id=db1e030",
                                                    "ekit_icon_description_typography_group_typography": "globals\/typography?id=58f3e1d",
                                                    "ekit_icon_box_iocnbox_border_group_color": "globals\/colors?id=659f957",
                                                    "ekit_icon_box_infobox_bg_hover_group_color": "",
                                                    "ekit_icon_title_color": "globals\/colors?id=accent",
                                                    "ekit_icon_title_color_hover": "globals\/colors?id=accent",
                                                    "ekit_icon_box_infobox_bg_hover_group_color_b": "",
                                                    "ekit_icon_box_icon_secondary_color_normal": "globals\/colors?id=accent",
                                                    "ekit_icon_box_icon_primary_color": "globals\/colors?id=secondary",
                                                    "ekit_icon_description_color": "globals\/colors?id=text"
                                                },
                                                "ekit_icon_box_header_image": {
                                                    "url": "https:\/\/finance.1onestrong.com\/wp-content\/uploads\/2022\/09\/icon026.png",
                                                    "id": 556,
                                                    "alt": "",
                                                    "source": "library"
                                                },
                                                "ekit_icon_box_infobox_bg_group_background": "classic",
                                                "ekit_icon_box_infobox_bg_group_color": "#02010100",
                                                "ekit_icon_box_infobox_box_shadow_group_box_shadow": {
                                                    "horizontal": 10,
                                                    "vertical": 10,
                                                    "blur": 20,
                                                    "spread": 0,
                                                    "color": "rgba(108.84375000000001, 108.84375000000001, 108.84375000000001, 0.13)"
                                                },
                                                "ekit_icon_box_infobox_border_radious": {
                                                    "unit": "px",
                                                    "top": "0",
                                                    "right": "0",
                                                    "bottom": "0",
                                                    "left": "0",
                                                    "isLinked": true
                                                },
                                                "ekit_icon_box_infobox_bg_hover_group_color": "#FFFFFF",
                                                "ekit_icon_box_icon_width": {
                                                    "unit": "px",
                                                    "size": 30,
                                                    "sizes": []
                                                },
                                                "_animation": "fadeIn",
                                                "animation_duration": "fast",
                                                "_animation_delay": 800,
                                                "ekit_icon_box_iocnbox_border_group_color": "#A7A7A76B",
                                                "ekit_icon_box_infobox_bg_hover_group_color_b": "#E6E5E369",
                                                "ekit_icon_title_color": "#141414",
                                                "ekit_icon_title_color_hover": "#1D7377",
                                                "ekit_icon_box_header_icons": {
                                                    "value": "fas fa-clock",
                                                    "library": "fa-solid"
                                                },
                                                "ekit_icon_box_icon_position": "left",
                                                "ekit_icon_box_text_align_responsive": "left",
                                                "ekit_icon_box_iocnbox_border_group_border": "",
                                                "ekit_icon_title_bottom_space": {
                                                    "unit": "px",
                                                    "top": "0",
                                                    "right": "0",
                                                    "bottom": "0",
                                                    "left": "0",
                                                    "isLinked": false,
                                                    "size": "20"
                                                },
                                                "ekit_icon_title_padding": {
                                                    "unit": "px",
                                                    "top": "0",
                                                    "right": "0",
                                                    "bottom": "0",
                                                    "left": "20",
                                                    "isLinked": ""
                                                },
                                                "ekit_icon_icon_size": {
                                                    "unit": "px",
                                                    "size": 15,
                                                    "sizes": []
                                                },
                                                "ekit_icon_box_icon_height": {
                                                    "unit": "px",
                                                    "size": 30,
                                                    "sizes": []
                                                },
                                                "ekit_icon_box_icon_line_height": {
                                                    "unit": "px",
                                                    "size": 31,
                                                    "sizes": []
                                                },
                                                "ekit_icon_box_title_size": "h4"
                                            },
                                            "elements": [],
                                            "isInner": false,
                                            "widgetType": "elementskit-icon-box",
                                            "elType": "widget"
                                        }
                                    ],
                                    "isInner": true,
                                    "elType": "column"
                                }
                            ],
                            "isInner": true,
                            "elType": "section"
                        }
                    ],
                    "isInner": false,
                    "elType": "column"
                },
                {
                    "id": "6b34f36f",
                    "settings": {
                        "_column_size": 50,
                        "_inline_size": 60,
                        "margin_mobile": {
                            "unit": "px",
                            "top": "10",
                            "right": "10",
                            "bottom": "10",
                            "left": "10",
                            "isLinked": true
                        },
                        "padding_mobile": {
                            "unit": "px",
                            "top": "0",
                            "right": "0",
                            "bottom": "0",
                            "left": "0",
                            "isLinked": false
                        },
                        "_inline_size_tablet": 100
                    },
                    "elements": [
                        {
                            "id": "2024f06d",
                            "settings": {
                                "mf_form_id": "1219***1664345437976",
                                "_border_border": "solid",
                                "_border_width": {
                                    "unit": "px",
                                    "top": "1",
                                    "right": "1",
                                    "bottom": "1",
                                    "left": "1",
                                    "isLinked": true
                                },
                                "__globals__": {
                                    "_background_color": "globals\/colors?id=accent",
                                    "_border_color": "globals\/colors?id=659f957"
                                }
                            },
                            "elements": [],
                            "isInner": false,
                            "widgetType": "metform",
                            "elType": "widget"
                        }
                    ],
                    "isInner": false,
                    "elType": "column"
                }
            ],
            "isInner": false,
            "elType": "section"
        }
    ]
}